MedicoID,Gender,Firstname,Lastname,phone,Responsibility
Md-000001,male,Justine,Pittman,9425332190,Doctor
Md-000002,female,Casey,Keith,9464422296,Doctor
Md-000003,female,Christian,Mckenzie,8275412176,Doctor
Md-000004,female,Jana,Vargas,9245523933,Doctor
Md-000005,female,Jaclyn,Turner,9024603837,Doctor
Md-000006,female,Naomi,Hunter,9894943723,Doctor
Md-000007,female,Head,Olson,8035632737,Doctor
Md-000008,male,Montgomery,Massey,9845702160,Doctor
Md-000009,male,Laurie,White,9625863573,Doctor
Md-000010,female,Jackie,Hahn,9715842421,Doctor
Md-000011,female,Mattie,Hess,8235282447,Doctor
Md-000012,female,Barron,Giles,9144183179,Doctor
Md-000013,male,Lorene,Donovan,8515903429,Doctor
Md-000014,female,Kirkland,Kennedy,8805742245,Doctor
Md-000015,male,Farley,Hancock,8405833300,Doctor
Md-000016,male,Ruthie,Hale,9785683838,Doctor
Md-000017,female,Teri,Rosa,8565262075,Doctor
Md-000018,female,Huffman,Mcbride,8595872424,Doctor
Md-000019,male,Lindsay,Whitehead,8924493376,Doctor
Md-000020,female,Rush,Grimes,9564563383,Doctor
Md-000021,male,Blanche,Waters,8464382430,Doctor
Md-000022,female,Elva,Meyer,9235373431,Doctor
Md-000023,female,Neal,Carroll,8595082587,Doctor
Md-000024,male,Mayo,Gaines,9054403587,Doctor
Md-000025,male,Frederick,Davis,8434952541,Doctor
Md-000026,male,April,Sampson,8574242747,Doctor
Md-000027,female,Landry,Middleton,8665632629,Doctor
Md-000028,male,Franks,Ayers,9435763782,Doctor
Md-000029,male,Leah,Lindsey,9435273014,Doctor
Md-000030,female,Stephens,Bean,8235313042,Doctor
Md-000031,male,Jacobson,Willis,8635162183,Doctor
Md-000032,male,Whitney,Johnston,8455732280,Doctor
Md-000033,male,Dorothy,Compton,9414722102,Doctor
Md-000034,female,Hurley,Valentine,8994963230,Doctor
Md-000035,male,Violet,Good,8835573397,Doctor
Md-000036,female,Mcknight,Swanson,9105912069,Doctor
Md-000037,male,Bianca,Allen,9095673311,Doctor
Md-000038,female,Livingston,Wong,8944092720,Doctor
Md-000039,male,Craft,Durham,9955633203,Doctor
Md-000040,male,Kaye,Estrada,9614182640,Doctor
Md-000041,female,Connie,Ramirez,8875362228,Doctor
Md-000042,female,Kemp,Padilla,9734802401,Doctor
Md-000043,male,Vinson,Bowen,8644703394,Doctor
Md-000044,male,Lidia,Taylor,8005283269,Doctor
Md-000045,female,Cheryl,Atkinson,8394852435,Doctor
Md-000046,female,Casey,Stark,8825652916,Doctor
Md-000047,male,Curry,Carson,9984212789,Doctor
Md-000048,male,Mccray,Irwin,8275853259,Doctor
Md-000049,male,Cantrell,Baxter,9004063407,Doctor
Md-000050,male,Amanda,Rosario,9064632819,Doctor
Md-000051,female,Jensen,Garner,9385012844,Doctor
Md-000052,male,Leta,Leach,9505803566,Doctor
Md-000053,female,Manuela,Simmons,9545083654,Doctor
Md-000054,female,Frankie,Ferrell,9114032859,Doctor
Md-000055,female,Caldwell,Snow,9075453425,Doctor
Md-000056,male,Tania,Phelps,9064362895,Doctor
Md-000057,female,Garner,Young,9245792577,Doctor
Md-000058,male,French,Howe,8635632498,Doctor
Md-000059,male,Glenna,Hurst,8655352701,Doctor
Md-000060,female,Hatfield,Lynch,8725992489,Doctor
Md-000061,male,Rosalind,Greer,8125712279,Doctor
Md-000062,female,Barker,Hardin,9464863329,Doctor
Md-000063,male,Parker,Glover,8674832375,Doctor
Md-000064,male,Kane,Brooks,8115752273,Doctor
Md-000065,male,Malone,Mooney,8595432320,Doctor
Md-000066,male,Ramos,Woodward,8104522578,Doctor
Md-000067,male,Rosales,Mejia,9955742503,Doctor
Md-000068,male,Holcomb,Caldwell,9845293855,Doctor
Md-000069,male,Moore,Ratliff,8264282185,Doctor
Md-000070,male,Cleveland,Page,9795253024,Doctor
Md-000071,male,Huber,Morrow,9725453206,Doctor
Md-000072,male,Ray,Banks,8245802019,Doctor
Md-000073,male,Leonard,Avila,9475023731,Doctor
Md-000074,male,Lourdes,Salazar,8124542350,Doctor
Md-000075,female,Figueroa,Hester,9335503588,Doctor
Md-000076,male,Frye,Powers,9164213117,Doctor
Md-000077,male,Hanson,Ellis,9764993388,Doctor
Md-000078,male,Glenn,Castillo,8965542863,Doctor
Md-000079,male,Olive,Payne,8454712177,Doctor
Md-000080,female,Todd,James,8884152337,Doctor
Md-000081,male,Ila,Clemons,8424753305,Doctor
Md-000082,female,Debbie,Todd,9705663715,Doctor
Md-000083,female,Debora,Zamora,9825372419,Doctor
Md-000084,female,Baldwin,Alford,9095292953,Doctor
Md-000085,male,Esther,Byers,8114812537,Doctor
Md-000086,female,Wilda,Freeman,9764803062,Doctor
Md-000087,female,Wise,Mckinney,8975293794,Doctor
Md-000088,male,Willie,Ballard,8405962672,Doctor
Md-000089,female,Annmarie,Gilliam,8165092100,Doctor
Md-000090,female,Joyce,Rivera,9334543176,Doctor
Md-000091,female,Cecelia,Lester,9174613999,Doctor
Md-000092,female,Whitney,Anthony,9934642304,Doctor
Md-000093,female,Davenport,Nelson,8315772471,Doctor
Md-000094,male,Hopper,Lane,8886003358,Doctor
Md-000095,male,Dunn,Hudson,9855952647,Doctor
Md-000096,male,Barrett,Cabrera,8835643740,Doctor
Md-000097,male,Short,Rios,8225283358,Doctor
Md-000098,male,Kendra,Mccray,9394902436,Doctor
Md-000099,female,Kara,Ramos,9814183493,Doctor
Md-000100,female,Spence,Greene,8785043068,Nurse
Md-000101,male,Ellison,Mcintosh,8885623350,Nurse
Md-000102,male,Carroll,Colon,8824152142,Nurse
Md-000103,male,Harper,Gilmore,8705063318,Nurse
Md-000104,male,Pacheco,Kirkland,8004422147,Nurse
Md-000105,male,Bessie,Stewart,9625282063,Nurse
Md-000106,female,Celeste,Buck,9414773966,Nurse
Md-000107,female,Tillman,Floyd,8784843091,Nurse
Md-000108,male,Colon,Sweeney,9304652746,Nurse
Md-000109,male,Sears,Kerr,9715332620,Nurse
Md-000110,male,Juliet,Mcclain,9344843334,Nurse
Md-000111,female,Kaitlin,Forbes,8574102965,Nurse
Md-000112,female,Trudy,Owens,9575382056,Nurse
Md-000113,female,Bernard,Carrillo,9375502500,Nurse
Md-000114,male,Saundra,Newton,9034233670,Nurse
Md-000115,female,Ina,Garrett,8104113124,Nurse
Md-000116,female,Smith,Velez,9234412629,Nurse
Md-000117,male,Aurelia,Finch,8904142568,Nurse
Md-000118,female,Ingram,Vang,9285253768,Nurse
Md-000119,male,Winnie,Jacobson,9984322049,Nurse
Md-000120,female,Millicent,Spence,9805072139,Nurse
Md-000121,female,Cohen,Brady,9665783481,Nurse
Md-000122,male,Selma,Pena,8684572747,Nurse
Md-000123,female,Candace,Butler,9204902315,Nurse
Md-000124,female,Magdalena,Harrell,9635552448,Nurse
Md-000125,female,Callie,Diaz,9505742787,Nurse
Md-000126,female,Griffin,Mcmahon,8304732834,Nurse
Md-000127,male,Porter,Leon,8934102831,Nurse
Md-000128,male,Mccarty,Mills,8694213979,Nurse
Md-000129,male,Yates,Vasquez,9994762372,Nurse
Md-000130,male,Talley,Perez,8135203202,Nurse
Md-000131,male,Cameron,Sutton,9156002638,Nurse
Md-000132,male,George,Robbins,9834592277,Nurse
Md-000133,male,Aline,Ray,8375733134,Nurse
Md-000134,female,Lila,Underwood,9184363473,Nurse
Md-000135,female,Hammond,Osborn,9794603451,Nurse
Md-000136,male,Bonner,Mendoza,9225242688,Nurse
Md-000137,male,Lindsay,Flynn,8874062672,Nurse
Md-000138,male,Case,Noel,9195602555,Nurse
Md-000139,male,Valencia,Petersen,9514682922,Nurse
Md-000140,male,Leona,Wiley,9074643750,Nurse
Md-000141,female,Slater,Hayes,9834552999,Nurse
Md-000142,male,Sabrina,Daniels,9874362866,Nurse
Md-000143,female,Katheryn,Wallace,8264283284,Nurse
Md-000144,female,Parsons,Roth,8234233972,Nurse
Md-000145,male,Aida,Maynard,8505662700,Nurse
Md-000146,female,Greene,Morgan,9784243461,Nurse
Md-000147,male,Millie,Cleveland,9764142533,Nurse
Md-000148,female,Key,Hewitt,9044963131,Nurse
Md-000149,male,Beverly,Acosta,8864992188,Nurse
Md-000150,female,Graham,Gonzalez,8845972710,Nurse
Md-000151,male,Priscilla,Riddle,9265132099,Nurse
Md-000152,female,Charlotte,Gutierrez,8794792713,Nurse
Md-000153,female,Benson,Tyson,9754522519,Nurse
Md-000154,male,Roberta,Benton,9184922981,Nurse
Md-000155,female,Mccullough,Blankenship,9204252884,Nurse
Md-000156,male,Ward,Stanley,8265893548,Nurse
Md-000157,male,Mallory,Church,9885692352,Nurse
Md-000158,female,Lyons,English,8674852871,Nurse
Md-000159,male,Vazquez,Bernard,8494642162,Nurse
Md-000160,male,Marilyn,Petty,9515193592,Nurse
Md-000161,female,Baxter,Cote,9094553294,Nurse
Md-000162,male,Albert,Franks,9674722575,Nurse
Md-000163,male,Sandoval,Patrick,9044502811,Nurse
Md-000164,male,Hubbard,Santana,9785463134,Nurse
Md-000165,male,Sondra,Schmidt,8885062707,Nurse
Md-000166,female,Duffy,Randolph,8614882412,Nurse
Md-000167,male,Alba,Hickman,9785803680,Nurse
Md-000168,female,Lorraine,Nielsen,8565842910,Nurse
Md-000169,female,Herminia,Kidd,9215392660,Nurse
Md-000170,female,Janie,York,8695783008,Nurse
Md-000171,female,Mariana,Holt,8054153307,Nurse
Md-000172,female,Holman,Thornton,9034122629,Nurse
Md-000173,male,Chandler,Cross,8854193089,Nurse
Md-000174,male,Leila,Hooper,9345572308,Nurse
Md-000175,female,Aguirre,Weiss,9565162330,Nurse
Md-000176,male,Bond,Adams,9754633406,Nurse
Md-000177,male,Rose,Hebert,9904363328,Nurse
Md-000178,female,Carolina,Strickland,8925433526,Nurse
Md-000179,female,Best,Gross,8034522093,Nurse
Md-000180,male,Maxwell,Sandoval,8485903188,Nurse
Md-000181,male,Bridgette,Haynes,8035243202,Nurse
Md-000182,female,May,Tanner,9934813411,Nurse
Md-000183,female,Dale,Villarreal,9965332586,Nurse
Md-000184,female,Hampton,Waller,8884602650,Nurse
Md-000185,male,Linda,Murphy,9375722635,Nurse
Md-000186,female,Trevino,Delgado,9465082427,Nurse
Md-000187,male,Lawrence,Burke,9514272664,Nurse
Md-000188,male,Shari,Guerrero,9505373950,Nurse
Md-000189,female,Benton,Newman,8284012614,Nurse
Md-000190,male,Constance,Burt,9865502613,Nurse
Md-000191,female,Leanna,Patterson,9415793446,Nurse
Md-000192,female,Grimes,Galloway,8395993300,Nurse
Md-000193,male,Reese,Dalton,8424622537,Nurse
Md-000194,male,Chase,Brown,9645972331,Nurse
Md-000195,male,Strong,Farmer,9615383065,Nurse
Md-000196,male,Lamb,Cole,9655892487,Nurse
Md-000197,male,Chen,Henry,9575782507,Nurse
Md-000198,male,Irwin,Gay,9765672826,Nurse
Md-000199,male,Kim,Coleman,9164223042,Nurse
Md-000200,female,Walsh,Fischer,9644732759,Doctor
Md-000201,male,Earnestine,Merrill,9864502534,Doctor
Md-000202,female,Carlene,Pacheco,8305572949,Doctor
Md-000203,female,Reba,Logan,8934923238,Doctor
Md-000204,female,Belinda,Mitchell,8515422235,Doctor
Md-000205,female,Jolene,Quinn,9814383295,Doctor
Md-000206,female,Heather,Hawkins,8194493036,Doctor
Md-000207,female,Foreman,Boone,8775652163,Doctor
Md-000208,male,Stark,Reynolds,8605692724,Doctor
Md-000209,male,Marianne,Wooten,8134102975,Doctor
Md-000210,female,Traci,Kirk,8764762645,Doctor
Md-000211,female,Deleon,Nguyen,9954502185,Doctor
Md-000212,male,Lynch,Humphrey,8505872297,Doctor
Md-000213,male,Cristina,Dickson,8435443114,Doctor
Md-000214,female,Bridges,Bright,9405403965,Doctor
Md-000215,male,Oneal,Burris,9925483946,Doctor
Md-000216,male,Sandy,Austin,9665452509,Doctor
Md-000217,female,Evelyn,Robinson,9474863472,Doctor
Md-000218,female,Ofelia,Mccormick,8624063806,Doctor
Md-000219,female,Christensen,Burnett,9625323220,Doctor
Md-000220,male,Sims,Bolton,8424922198,Doctor
Md-000221,male,Amber,Barton,9454702956,Doctor
Md-000222,female,Fernandez,Valdez,9395152492,Doctor
Md-000223,male,Avery,Walker,8514913542,Doctor
Md-000224,male,Carmella,Wagner,9524622160,Doctor
Md-000225,female,Loraine,Whitaker,9195993151,Doctor
Md-000226,female,Adeline,Palmer,9174803237,Doctor
Md-000227,female,Annette,Pace,9985072073,Doctor
Md-000228,female,Jarvis,Mayer,9554502073,Doctor
Md-000229,male,Angelica,Delacruz,9745172663,Doctor
Md-000230,female,Noreen,Delaney,8555002441,Doctor
Md-000231,female,Jennings,Barnett,8804883673,Doctor
Md-000232,male,Teresa,Duncan,8185112550,Doctor
Md-000233,female,Marcie,Anderson,8285353800,Doctor
Md-000234,female,Herman,Murray,8405452094,Doctor
Md-000235,male,Kelsey,Bond,9685553603,Doctor
Md-000236,female,Walters,Solomon,9434922792,Doctor
Md-000237,male,Bright,Baird,8574013010,Doctor
Md-000238,male,Sellers,Dotson,8244223603,Doctor
Md-000239,male,Ellis,Mercer,9595062437,Doctor
Md-000240,male,Ursula,Levy,9205322950,Doctor
Md-000241,female,Salinas,Arnold,9015283830,Doctor
Md-000242,male,Anderson,Wiggins,8955382882,Doctor
Md-000243,male,Buck,Vance,9605422768,Doctor
Md-000244,male,Louella,Branch,9515422158,Doctor
Md-000245,female,Jeanette,Tate,8365193945,Doctor
Md-000246,female,Elvia,Sullivan,8944742605,Doctor
Md-000247,female,Sosa,Peters,8204602328,Doctor
Md-000248,male,Dudley,Hamilton,8044773135,Doctor
Md-000249,male,Alvarado,Lawrence,9314902760,Doctor
Md-000250,male,Alana,Clark,9174512752,Doctor
Md-000251,female,Ophelia,Parks,9205803742,Doctor
Md-000252,female,Audra,Mendez,9714902651,Doctor
Md-000253,female,Parrish,Crawford,9314423626,Doctor
Md-000254,male,Vanessa,Alvarez,8844613872,Doctor
Md-000255,female,Deanna,Velasquez,8304553927,Doctor
Md-000256,female,Cortez,Rice,8175112693,Doctor
Md-000257,male,Dyer,Harding,8674742385,Doctor
Md-000258,male,Marcy,Salas,9564413443,Doctor
Md-000259,female,Michael,Drake,8114862763,Doctor
Md-000260,female,Christine,Glass,8735163855,Doctor
Md-000261,female,Kirby,Lee,9694442949,Doctor
Md-000262,male,Gonzalez,Jacobs,8844822704,Doctor
Md-000263,male,Ferrell,Albert,9235312148,Doctor
Md-000264,male,Sylvia,Holloway,8334313801,Doctor
Md-000265,female,Malinda,Frank,9295363199,Doctor
Md-000266,female,Clements,Nieves,9754112349,Doctor
Md-000267,male,Janette,Weaver,8094113446,Doctor
Md-000268,female,Michael,Johnson,9455202435,Doctor
Md-000269,male,Stout,Dunlap,8425592871,Doctor
Md-000270,male,Freda,Armstrong,8025612785,Doctor
Md-000271,female,Ilene,Carlson,8704753352,Doctor
Md-000272,female,Fry,Fitzgerald,8064793071,Doctor
Md-000273,male,Lindsey,Ramsey,8984623724,Doctor
Md-000274,female,Pugh,Estes,8644812959,Doctor
Md-000275,male,Matthews,Nolan,9744282925,Doctor
Md-000276,male,Price,Maxwell,9384202547,Doctor
Md-000277,male,Joanna,Torres,8275012674,Doctor
Md-000278,female,Letitia,Strong,8505892366,Doctor
Md-000279,female,Estela,Serrano,9664542539,Doctor
Md-000280,female,Ballard,Holder,9405652258,Doctor
Md-000281,male,Jamie,Vaughn,9564993630,Doctor
Md-000282,female,Marie,Wynn,8374543107,Doctor
Md-000283,female,Gilliam,Avery,8795153583,Doctor
Md-000284,male,York,Livingston,8205592142,Doctor
Md-000285,male,Minnie,Walton,9214403383,Doctor
Md-000286,female,Gayle,Juarez,8274403949,Doctor
Md-000287,female,Brittany,Townsend,9465553812,Doctor
Md-000288,female,Mandy,Garza,8265713724,Doctor
Md-000289,female,Contreras,Carver,9764203617,Doctor
Md-000290,male,Ball,Wood,8275362935,Doctor
Md-000291,male,Gallegos,Guzman,8935893209,Doctor
Md-000292,male,Brewer,Cantu,8424773119,Doctor
Md-000293,male,Norman,Barron,9434362902,Doctor
Md-000294,male,Latoya,Britt,8454352591,Doctor
Md-000295,female,Bryant,Meadows,9405962297,Doctor
Md-000296,male,Carlson,Sims,8436003112,Doctor
Md-000297,male,Rebekah,Wells,8915693771,Doctor
Md-000298,female,Kate,Sharpe,9655863044,Doctor
Md-000299,female,Mathews,Collier,8455552237,Doctor
Md-000300,male,Woodward,Paul,9765233308,Nurse
Md-000301,male,Banks,Booth,8375533704,Nurse
Md-000302,male,Burks,Shepherd,8094562528,Nurse
Md-000303,male,Martina,Gray,9244683439,Nurse
Md-000304,female,Miller,Wolf,9504252136,Nurse
Md-000305,male,Alejandra,Powell,9634463018,Nurse
Md-000306,female,Beard,Kelley,8514442252,Nurse
Md-000307,male,Holt,Mcpherson,9655653772,Nurse
Md-000308,male,Barton,Nunez,8984293688,Nurse
Md-000309,male,Mcintyre,Oconnor,8715012788,Nurse
Md-000310,male,Hoffman,Gilbert,9994482227,Nurse
Md-000311,male,Carissa,Bird,8435303508,Nurse
Md-000312,female,Melisa,Mason,9604863379,Nurse
Md-000313,female,Marta,Harrison,8134932140,Nurse
Md-000314,female,Lydia,Justice,9665293554,Nurse
Md-000315,female,Joann,Gallegos,9255973340,Nurse
Md-000316,female,Alyson,Horton,8675432178,Nurse
Md-000317,female,Bishop,Stevens,8875373113,Nurse
Md-000318,male,Dennis,Tyler,9875072828,Nurse
Md-000319,male,Hickman,Madden,9795322287,Nurse
Md-000320,male,Koch,Stanton,9295822852,Nurse
Md-000321,male,Johnson,Riley,9865203343,Nurse
Md-000322,male,Powell,Vinson,8894202688,Nurse
Md-000323,male,Patton,Skinner,9975503663,Nurse
Md-000324,male,Haynes,Black,9685913557,Nurse
Md-000325,male,Mckay,Castro,9005162454,Nurse
Md-000326,male,Hooper,Gregory,8945572775,Nurse
Md-000327,male,Jacqueline,Adkins,9474652579,Nurse
Md-000328,female,Roberts,Decker,9564653700,Nurse
Md-000329,male,Deloris,Morton,9924133642,Nurse
Md-000330,female,Katelyn,Ashley,9474802726,Nurse
Md-000331,female,Esperanza,Harvey,8125122613,Nurse
Md-000332,female,Haney,Matthews,9624492122,Nurse
Md-000333,male,Yesenia,Bailey,9104662300,Nurse
Md-000334,female,Sawyer,Dillon,8424413227,Nurse
Md-000335,male,Hallie,Harper,9934363812,Nurse
Md-000336,female,Jeanine,Graves,8454523366,Nurse
Md-000337,female,Owens,Fulton,9365313805,Nurse
Md-000338,male,Mooney,Deleon,8115333007,Nurse
Md-000339,male,Brooke,Jensen,8194163937,Nurse
Md-000340,female,Wright,Terry,8064542034,Nurse
Md-000341,male,Sonja,Ward,8765362757,Nurse
Md-000342,female,Joyce,Curry,8025472114,Nurse
Md-000343,male,Shaw,Rodriguez,9505362259,Nurse
Md-000344,male,Lopez,Marquez,9874553511,Nurse
Md-000345,male,Jessie,Chase,9574832245,Nurse
Md-000346,female,Luz,Cooley,8355592226,Nurse
Md-000347,female,Brittney,Elliott,8725613234,Nurse
Md-000348,female,Clare,Herring,9895473148,Nurse
Md-000349,female,Renee,Calderon,8284792216,Nurse
Md-000350,female,Riddle,Joyner,9385763778,Nurse
Md-000351,male,Alissa,Morrison,9324772073,Nurse
Md-000352,female,Pauline,Heath,8964243058,Nurse
Md-000353,female,Nolan,Stevenson,9365613154,Nurse
Md-000354,male,Peters,Rollins,9794193272,Nurse
Md-000355,male,Ashley,Dejesus,8775403418,Nurse
Md-000356,male,Copeland,Dorsey,9195143316,Nurse
Md-000357,male,Moon,Pruitt,9975402156,Nurse
Md-000358,male,Gomez,Shepard,8275752239,Nurse
Md-000359,male,Conley,Bridges,9634803284,Nurse
Md-000360,male,Haley,Miller,8175372001,Nurse
Md-000361,female,Simone,Witt,9464313665,Nurse
Md-000362,female,Gregory,Watts,9544922605,Nurse
Md-000363,male,Johanna,Grant,8415443116,Nurse
Md-000364,female,Jeannette,Salinas,8025212978,Nurse
Md-000365,female,Maryann,Wyatt,8444603695,Nurse
Md-000366,female,Donovan,Head,9054103735,Nurse
Md-000367,male,Tameka,Charles,8824582167,Nurse
Md-000368,female,Sheena,Key,9175423052,Nurse
Md-000369,female,Jennifer,Mcknight,9345043011,Nurse
Md-000370,female,Johnston,Melton,8695623745,Nurse
Md-000371,male,Karin,Whitney,8674503651,Nurse
Md-000372,female,Lauri,Campos,9005032709,Nurse
Md-000373,female,Rosella,Nixon,9215643436,Nurse
Md-000374,female,Lolita,Herman,8724642995,Nurse
Md-000375,female,Thomas,Webster,8634783538,Nurse
Md-000376,male,Tara,Hendricks,8435972756,Nurse
Md-000377,female,Ellen,Walters,9455753391,Nurse
Md-000378,female,Flores,Jarvis,9425882730,Nurse
Md-000379,male,Michelle,Henson,8064453330,Nurse
Md-000380,female,Stevens,Porter,9174213394,Nurse
Md-000381,male,Osborn,King,9654422308,Nurse
Md-000382,male,Schneider,Brennan,9765643298,Nurse
Md-000383,male,Samantha,Booker,9855493873,Nurse
Md-000384,female,Marylou,Bowers,9885632883,Nurse
Md-000385,female,Roman,Meyers,9775912313,Nurse
Md-000386,male,Santana,Barrera,8014342378,Nurse
Md-000387,male,Dodson,Stout,9664542280,Nurse
Md-000388,male,Clayton,Leblanc,9734662112,Nurse
Md-000389,male,Sheila,Holcomb,8984652485,Nurse
Md-000390,female,Rosemarie,Crane,9604413867,Nurse
Md-000391,female,Thornton,Lyons,9705403814,Nurse
Md-000392,male,Kimberly,Barker,8275453903,Nurse
Md-000393,female,Randall,Hughes,8044562514,Nurse
Md-000394,male,Deidre,Nichols,9715802991,Nurse
Md-000395,female,Garrett,Rivers,9104953086,Nurse
Md-000396,male,Carney,Cohen,9325202505,Nurse
Md-000397,male,Castillo,Sawyer,9344893804,Nurse
Md-000398,male,Bettie,Brock,9754682931,Nurse
Md-000399,female,Sara,Oneil,8654822561,Nurse
Md-000400,female,Lynn,Schroeder,9834903745,Doctor
Md-000401,male,Ramsey,Morse,9455693146,Doctor
Md-000402,male,Buckner,Orr,8575863731,Doctor
Md-000403,male,Dorthy,Cooke,9024863016,Doctor
Md-000404,female,Solis,Cervantes,9165733959,Doctor
Md-000405,male,Daniels,Phillips,8885063491,Doctor
Md-000406,male,Meyers,Oneal,9444492931,Doctor
Md-000407,male,Sadie,Larson,8334452963,Doctor
Md-000408,female,Lynne,Welch,8524633084,Doctor
Md-000409,female,Jill,Davidson,9535583446,Doctor
Md-000410,female,Crane,Coffey,8335653128,Doctor
Md-000411,male,Boone,Alston,8134963898,Doctor
Md-000412,male,Burnett,Richardson,9945752309,Doctor
Md-000413,male,Rollins,Kent,8194092926,Doctor
Md-000414,male,Neva,Shaw,8315193104,Doctor
Md-000415,female,Phyllis,Bruce,8635102596,Doctor
Md-000416,female,Franco,Thomas,9655132666,Doctor
Md-000417,male,Brenda,Wall,9294832365,Doctor
Md-000418,female,Pace,Pope,8165732944,Doctor
Md-000419,male,Lilian,Andrews,8755223281,Doctor
Md-000420,female,Julia,Mcclure,9235443269,Doctor
Md-000421,female,Myra,Hull,8315833532,Doctor
Md-000422,female,Galloway,Hammond,8635303901,Doctor
Md-000423,male,Acosta,Vega,8554063133,Doctor
Md-000424,male,Cathy,Blake,8754892258,Doctor
Md-000425,female,Queen,Fowler,9834932579,Doctor
Md-000426,female,Lily,Michael,9595832642,Doctor
Md-000427,female,Hillary,Ferguson,8134462349,Doctor
Md-000428,female,Latisha,Fuller,8485883645,Doctor
Md-000429,female,Fanny,Weeks,8355612764,Doctor
Md-000430,female,Eunice,Chapman,8015453268,Doctor
Md-000431,female,Della,Klein,9975702774,Doctor
Md-000432,female,Tabatha,Moon,8054473228,Doctor
Md-000433,female,Claudette,Christensen,8585073563,Doctor
Md-000434,female,Ella,Espinoza,8024152144,Doctor
Md-000435,female,Mccoy,Aguirre,8655342141,Doctor
Md-000436,male,Newton,Malone,8685183593,Doctor
Md-000437,male,Richard,Talley,9794672535,Doctor
Md-000438,male,Leblanc,Goff,8225102325,Doctor
Md-000439,male,Helena,Patel,9034672296,Doctor
Md-000440,female,Bette,Lambert,8265353628,Doctor
Md-000441,female,Ericka,Russell,9565093489,Doctor
Md-000442,female,Molina,England,9255312626,Doctor
Md-000443,male,Campos,Silva,8894882773,Doctor
Md-000444,male,Aurora,Carpenter,9454992272,Doctor
Md-000445,female,Alberta,Huber,9115683318,Doctor
Md-000446,female,Hattie,Workman,8125672428,Doctor
Md-000447,female,Edwards,Owen,9005432682,Doctor
Md-000448,male,Audrey,Santos,8175593665,Doctor
Md-000449,female,Erickson,Cardenas,8845142907,Doctor
Md-000450,male,Lakisha,Ford,9585373117,Doctor
Md-000451,female,Mccall,Lancaster,8795623804,Doctor
Md-000452,male,Leticia,Chandler,9735252979,Doctor
Md-000453,female,Reid,Stuart,9785273303,Doctor
Md-000454,male,Langley,Flowers,9174553925,Doctor
Md-000455,male,Margaret,Fitzpatrick,9045933930,Doctor
Md-000456,female,Elvira,Suarez,8645962228,Doctor
Md-000457,female,Pam,Chavez,9955903193,Doctor
Md-000458,female,Ernestine,Sweet,8805042637,Doctor
Md-000459,female,Marissa,Santiago,8994003423,Doctor
Md-000460,female,Pena,Merritt,9994643680,Doctor
Md-000461,male,Mckinney,Hogan,9255663745,Doctor
Md-000462,male,Valeria,Tucker,8974392694,Doctor
Md-000463,female,Wood,Jenkins,8514633377,Doctor
Md-000464,male,Elizabeth,Perkins,9284903351,Doctor
Md-000465,female,Welch,Bray,8095922385,Doctor
Md-000466,male,Fleming,Hoffman,8815252048,Doctor
Md-000467,male,Turner,Raymond,8725952614,Doctor
Md-000468,male,Emerson,Chang,8615753748,Doctor
Md-000469,male,Katrina,Rogers,8925163867,Doctor
Md-000470,female,Chan,Douglas,9705513666,Doctor
Md-000471,male,Barbara,Benjamin,8875773753,Doctor
Md-000472,female,Rosa,Dawson,8375162960,Doctor
Md-000473,female,Corine,Boyer,9774103563,Doctor
Md-000474,female,Beulah,Lang,9005822973,Doctor
Md-000475,female,Marla,Hatfield,9134122447,Doctor
Md-000476,female,Kelley,Monroe,8545413788,Doctor
Md-000477,male,Laura,Cochran,8684312826,Doctor
Md-000478,female,Erika,Bentley,8265383128,Doctor
Md-000479,female,Trina,Harrington,8165912014,Doctor
Md-000480,female,Phelps,Reeves,9445712557,Doctor
Md-000481,male,Lori,Sexton,9565802929,Doctor
Md-000482,female,Dillon,Carr,8555203489,Doctor
Md-000483,male,Beth,Knapp,8724743391,Doctor
Md-000484,female,Weber,Randall,9645582733,Doctor
Md-000485,male,Cline,Howard,9375033729,Doctor
Md-000486,male,Wynn,Foley,8705872528,Doctor
Md-000487,male,Ortiz,Franklin,9934032806,Doctor
Md-000488,male,Meadows,Huff,8905712313,Doctor
Md-000489,male,Vaughan,Roach,8184253673,Doctor
Md-000490,male,Hayden,Keller,8764502231,Doctor
Md-000491,male,Ann,Ortega,9844782266,Doctor
Md-000492,female,Jane,Daniel,8364602045,Doctor
Md-000493,female,Velma,Bush,9964913399,Doctor
Md-000494,female,Autumn,Richards,9054092991,Doctor
Md-000495,female,Amelia,Bullock,8005543001,Doctor
Md-000496,female,Britney,Mcgee,9864812444,Doctor
Md-000497,female,Sophia,Bauer,8565283246,Doctor
Md-000498,female,Mejia,Gates,8495582618,Doctor
Md-000499,male,Holder,Mullen,8584092293,Doctor
Md-000500,male,Flora,Morin,8374042350,Nurse
Md-000501,female,Sheppard,Stone,8755692524,Nurse
Md-000502,male,Trisha,Dillard,9384962695,Nurse
Md-000503,female,Morgan,Lopez,9224582506,Nurse
Md-000504,male,Crosby,Fields,8134472841,Nurse
Md-000505,male,Wiley,Marshall,9204412847,Nurse
Md-000506,male,Eloise,Woods,9854162567,Nurse
Md-000507,female,Guerra,Summers,8854793418,Nurse
Md-000508,male,Sheryl,Gonzales,8794773936,Nurse
Md-000509,female,Hester,Cooper,8515543690,Nurse
Md-000510,male,Clarice,Oliver,9735452876,Nurse
Md-000511,female,Townsend,Donaldson,9205853670,Nurse
Md-000512,male,Staci,Sykes,8564863725,Nurse
Md-000513,female,Mcdonald,Berg,8204582499,Nurse
Md-000514,male,Ashlee,Fernandez,9424543622,Nurse
Md-000515,female,Avila,Hanson,9114952734,Nurse
Md-000516,male,Cooper,Ochoa,9804113547,Nurse
Md-000517,male,Michele,Carter,8274493201,Nurse
Md-000518,female,Knox,Cain,9404423519,Nurse
Md-000519,male,Miriam,Rodgers,8915203559,Nurse
Md-000520,female,Monica,Weber,9214722895,Nurse
Md-000521,female,Swanson,Blair,9534572519,Nurse
Md-000522,male,Katie,Parker,9505953666,Nurse
Md-000523,female,Leonor,Campbell,8055892261,Nurse
Md-000524,female,Jordan,Dudley,9094852970,Nurse
Md-000525,female,Gertrude,Williams,8605013214,Nurse
Md-000526,female,Patty,Hopper,8935432757,Nurse
Md-000527,female,Scott,Mcguire,9374823667,Nurse
Md-000528,male,Brandie,Blackwell,9784873010,Nurse
Md-000529,female,Cherry,Chen,8365202279,Nurse
Md-000530,female,Lee,Moreno,9834213657,Nurse
Md-000531,female,Cobb,Macias,9744472669,Nurse
Md-000532,male,Phoebe,Sloan,9175702526,Nurse
Md-000533,female,Cantu,Sears,8254073163,Nurse
Md-000534,male,Mccormick,Hopkins,9904163871,Nurse
Md-000535,male,Adrian,Higgins,9064072962,Nurse
Md-000536,female,Eve,Glenn,8185343381,Nurse
Md-000537,female,June,Trevino,9885552977,Nurse
Md-000538,female,Brandi,Blackburn,8444843824,Nurse
Md-000539,female,Simpson,Simon,9874543750,Nurse
Md-000540,male,Jeanie,Gould,9065553913,Nurse
Md-000541,female,Sampson,Horne,9364342655,Nurse
Md-000542,male,Bettye,Briggs,9865083041,Nurse
Md-000543,female,Lowe,Garrison,8834682152,Nurse
Md-000544,male,Rosie,Richmond,8684212670,Nurse
Md-000545,female,Holmes,Mathews,8275762273,Nurse
Md-000546,male,Hebert,Mcleod,8785943839,Nurse
Md-000547,male,Freeman,Robertson,9384212413,Nurse
Md-000548,male,Dolly,Berger,8694182359,Nurse
Md-000549,female,Fletcher,Cash,8154852209,Nurse
Md-000550,male,Tina,Potter,8854413251,Nurse
Md-000551,female,Christian,Knowles,8684892478,Nurse
Md-000552,male,Marion,Cruz,9204993716,Nurse
Md-000553,female,Nash,Mayo,8754882524,Nurse
Md-000554,male,Maura,Jackson,8455572536,Nurse
Md-000555,female,Blanchard,Williamson,9874482450,Nurse
Md-000556,male,Latonya,Hart,9914803091,Nurse
Md-000557,female,Brigitte,Bartlett,8164483756,Nurse
Md-000558,female,Sweeney,Curtis,9005253480,Nurse
Md-000559,male,Mcconnell,Noble,9395263643,Nurse
Md-000560,male,Irma,Dennis,9685762570,Nurse
Md-000561,female,Wolf,Henderson,8265652456,Nurse
Md-000562,male,Dotson,Alvarado,9934813430,Nurse
Md-000563,male,Noemi,Shaffer,8955142626,Nurse
Md-000564,female,Odom,Jefferson,8384752435,Nurse
Md-000565,male,Hicks,Le,9494773760,Nurse
Md-000566,male,Vasquez,Clayton,8515612917,Nurse
Md-000567,male,Monroe,Burgess,9914013345,Nurse
Md-000568,male,Corinne,Snider,9824222582,Nurse
Md-000569,female,Owen,House,8485322110,Nurse
Md-000570,male,Jodi,Winters,9735243520,Nurse
Md-000571,female,Allison,Abbott,8775322479,Nurse
Md-000572,female,Freida,Parsons,9155833329,Nurse
Md-000573,female,Laurel,Valenzuela,8454432802,Nurse
Md-000574,female,Alisa,Crosby,9175952061,Nurse
Md-000575,female,Elma,Whitfield,9875263446,Nurse
Md-000576,female,Mays,Reyes,8445073440,Nurse
Md-000577,male,William,Watson,9325673603,Nurse
Md-000578,male,Rosalie,Leonard,8944943870,Nurse
Md-000579,female,Wiggins,Holland,8854053539,Nurse
Md-000580,male,Black,Franco,8124013669,Nurse
Md-000581,male,Sweet,Browning,8725673589,Nurse
Md-000582,male,Wolfe,Mueller,9765672817,Nurse
Md-000583,male,Lucas,Kane,8905543071,Nurse
Md-000584,male,Meredith,Harmon,9134582414,Nurse
Md-000585,female,Vonda,Ware,9214412497,Nurse
Md-000586,female,Stewart,Knox,8614103535,Nurse
Md-000587,male,Lloyd,Lloyd,9125562815,Nurse
Md-000588,male,Shields,Allison,8995162170,Nurse
Md-000589,male,Ware,Mclaughlin,9595552999,Nurse
Md-000590,male,Carole,Marks,8084982247,Nurse
Md-000591,female,Faith,Kim,9914292077,Nurse
Md-000592,female,Robin,Landry,9134093690,Nurse
Md-000593,female,Perkins,Kline,9285113127,Nurse
Md-000594,male,Montoya,Lawson,8625043987,Nurse
Md-000595,male,Romero,Contreras,9285672565,Nurse
Md-000596,male,Elise,Johns,8225433328,Nurse
Md-000597,female,Spears,Barry,8085442362,Nurse
Md-000598,male,Mollie,Boyle,9904203953,Nurse
Md-000599,female,Wade,Sanchez,9985752790,Nurse
Md-000600,male,Cook,Pitts,9904792873,Doctor
Md-000601,male,Felecia,Melendez,9294053832,Doctor
Md-000602,female,Angela,Schwartz,9444002556,Doctor
Md-000603,female,Sullivan,Walsh,9494362770,Doctor
Md-000604,male,Hilary,Castaneda,9565223839,Doctor
Md-000605,female,Marci,Burns,8784822165,Doctor
Md-000606,female,Dena,Martin,9045922267,Doctor
Md-000607,female,Velez,Faulkner,8474452476,Doctor
Md-000608,male,Emily,Conrad,8665773787,Doctor
Md-000609,female,Berger,Buckner,8285472076,Doctor
Md-000610,male,Ferguson,Mcmillan,8285122026,Doctor
Md-000611,male,Becky,Jones,8834393192,Doctor
Md-000612,female,Yvette,Stephenson,8934303369,Doctor
Md-000613,female,Finley,Dixon,8564763980,Doctor
Md-000614,male,Nannie,Dyer,8285152284,Doctor
Md-000615,female,Tate,Thompson,9454703311,Doctor
Md-000616,male,Garcia,Wolfe,9944713844,Doctor
Md-000617,male,Lucille,Hinton,9514033277,Doctor
Md-000618,female,Cain,Duran,8455992015,Doctor
Md-000619,male,Leach,Bradley,9164453633,Doctor
Md-000620,male,Giles,Dominguez,8214112116,Doctor
Md-000621,male,Melody,Aguilar,8355803319,Doctor
Md-000622,female,Sonia,Langley,8235732185,Doctor
Md-000623,female,Leon,Barber,8455682854,Doctor
Md-000624,male,Paula,Fuentes,9305192529,Doctor
Md-000625,female,Carey,Edwards,9964832378,Doctor
Md-000626,male,Caroline,Martinez,9345602742,Doctor
Md-000627,female,Kellie,Mccall,9425463073,Doctor
Md-000628,female,Bennett,Roman,8795243769,Doctor
Md-000629,male,Wells,Mccarty,9895513020,Doctor
Md-000630,male,White,Gamble,9314053172,Doctor
Md-000631,male,Roxie,Joseph,9435502627,Doctor
Md-000632,female,James,Beasley,9154812754,Doctor
Md-000633,male,Mia,Goodwin,9285343402,Doctor
Md-000634,female,Pearson,Ellison,8015462120,Doctor
Md-000635,male,Deena,Valencia,9095003105,Doctor
Md-000636,female,Marcia,Macdonald,8064482593,Doctor
Md-000637,female,Burris,Davenport,8234932800,Doctor
Md-000638,male,Kramer,Steele,8365922392,Doctor
Md-000639,male,Eula,Cherry,8135732676,Doctor
Md-000640,female,Noble,Ortiz,9735532157,Doctor
Md-000641,male,Francis,Pollard,9005213928,Doctor
Md-000642,female,Carol,Guthrie,9484933377,Doctor
Md-000643,female,Selena,Goodman,8375083884,Doctor
Md-000644,female,Isabel,Gentry,8304453325,Doctor
Md-000645,female,Hunt,Hardy,9974262108,Doctor
Md-000646,male,Tammie,Craig,9015762587,Doctor
Md-000647,female,Diana,Nicholson,8524343227,Doctor
Md-000648,female,Maureen,Hurley,8934822046,Doctor
Md-000649,female,Peterson,Conway,9004023120,Doctor
Md-000650,male,Heath,Pennington,9495702350,Doctor
Md-000651,male,Merle,Hutchinson,9264602259,Doctor
Md-000652,female,Kristen,Kramer,9414512909,Doctor
Md-000653,female,Sonya,Rush,9295962982,Doctor
Md-000654,female,Norma,Wilkins,9995133667,Doctor
Md-000655,female,Shelly,Golden,9294522987,Doctor
Md-000656,female,Deanne,Mercado,9834812732,Doctor
Md-000657,female,Janice,Little,8414103708,Doctor
Md-000658,female,Guzman,Bonner,9414832268,Doctor
Md-000659,male,Sofia,Hobbs,9495082405,Doctor
Md-000660,female,Horn,Sherman,8584943264,Doctor
Md-000661,male,Erna,Hyde,8724173835,Doctor
Md-000662,female,Terra,Barr,8735883819,Doctor
Md-000663,female,Rivas,Mcfadden,9845122270,Doctor
Md-000664,male,Mills,Bender,9014293400,Doctor
Md-000665,male,Lucile,Nash,9185522297,Doctor
Md-000666,female,Willa,Norton,9724313348,Doctor
Md-000667,female,Georgia,Bradford,9254532473,Doctor
Md-000668,female,Kari,Reed,8314412444,Doctor
Md-000669,female,Alta,Hubbard,9515712053,Doctor
Md-000670,female,Lynda,West,9514492911,Doctor
Md-000671,female,Claudine,Blanchard,9644002720,Doctor
Md-000672,female,Mitzi,Brewer,9964612095,Doctor
Md-000673,female,Shirley,Morales,9924252903,Doctor
Md-000674,female,Bradford,Tran,9914082978,Doctor
Md-000675,male,Dina,Mays,9075562823,Doctor
Md-000676,female,Natalie,Miranda,8954263112,Doctor
Md-000677,female,Hendrix,Peck,8814823545,Doctor
Md-000678,male,Vaughn,Rowland,8604893105,Doctor
Md-000679,male,Cotton,Francis,9214113373,Doctor
Md-000680,male,Arnold,Mckay,9055423112,Doctor
Md-000681,male,Hayes,Wilkerson,9755002721,Doctor
Md-000682,male,Loretta,Hartman,8534502277,Doctor
Md-000683,female,Goff,Mathis,9695662172,Doctor
Md-000684,male,Blair,Montgomery,8814232044,Doctor
Md-000685,male,Browning,Pearson,9355732969,Doctor
Md-000686,male,Marietta,Holmes,9514013893,Doctor
Md-000687,female,Candice,Byrd,9584033857,Doctor
Md-000688,female,Snyder,Potts,9445313494,Doctor
Md-000689,male,Sharp,Haney,8055343575,Doctor
Md-000690,male,Kerr,Hodge,8684683037,Doctor
Md-000691,male,Shepard,Lott,8795993560,Doctor
Md-000692,male,Cross,Wheeler,8824503793,Doctor
Md-000693,male,Leann,Yates,8254112429,Doctor
Md-000694,female,Rosanne,Reese,9094393363,Doctor
Md-000695,female,Heidi,Smith,9385702930,Doctor
Md-000696,female,Austin,Terrell,8155573718,Doctor
Md-000697,male,Gould,Slater,8294973258,Doctor
Md-000698,male,Addie,Hines,9884433795,Doctor
Md-000699,female,Melva,Russo,8154582829,Doctor
Md-000700,female,Jenny,Figueroa,8875152452,Nurse
Md-000701,female,Greta,Tillman,9024483621,Nurse
Md-000702,female,Desiree,Fleming,9995432902,Nurse
Md-000703,female,Rhodes,Watkins,9975072345,Nurse
Md-000704,male,Nellie,Chan,9624963376,Nurse
Md-000705,female,Fischer,Pate,8514093072,Nurse
Md-000706,male,Jacquelyn,Alexander,8574943186,Nurse
Md-000707,female,Estella,Sharp,8774002251,Nurse
Md-000708,female,Imogene,Walter,8374533932,Nurse
Md-000709,female,Gentry,Gillespie,9275343080,Nurse
Md-000710,male,Donna,Myers,9875262080,Nurse
Md-000711,female,Daphne,Osborne,9134953303,Nurse
Md-000712,female,Nelson,Combs,8514652794,Nurse
Md-000713,male,Johns,Ross,8554113841,Nurse
Md-000714,male,Kristie,Craft,8935962035,Nurse
Md-000715,female,Deana,Frost,8764193813,Nurse
Md-000716,female,Geraldine,Mann,8244472601,Nurse
Md-000717,female,Shaffer,Rocha,9864872279,Nurse
Md-000718,male,Lou,Flores,8644622287,Nurse
Md-000719,female,Shanna,Schultz,8695003287,Nurse
Md-000720,female,Humphrey,Kinney,8484133241,Nurse
Md-000721,male,Gallagher,Frye,8055892382,Nurse
Md-000722,male,Ross,Preston,8075883598,Nurse
Md-000723,male,Janna,Vaughan,8095602996,Nurse
Md-000724,female,Taylor,Duke,9945423161,Nurse
Md-000725,male,Campbell,Bell,9104813133,Nurse
Md-000726,male,Nikki,Oneill,8924432603,Nurse
Md-000727,female,Moses,Carney,8685472070,Nurse
Md-000728,male,Rich,Warner,9585902672,Nurse
Md-000729,male,Gilda,Riggs,9304482519,Nurse
Md-000730,female,Rocha,Saunders,9264783202,Nurse
Md-000731,male,Geneva,Ewing,9254413064,Nurse
Md-000732,female,Le,Zimmerman,9104302557,Nurse
Md-000733,male,Lupe,Pickett,8084372512,Nurse
Md-000734,female,Paige,Mcdowell,9475633585,Nurse
Md-000735,female,Duran,Miles,8485243117,Nurse
Md-000736,male,Lenora,Evans,8174732059,Nurse
Md-000737,female,Peck,Bradshaw,8964013798,Nurse
Md-000738,male,Hazel,Graham,8174752107,Nurse
Md-000739,female,Wendi,Travis,8524042941,Nurse
Md-000740,female,Isabelle,Frederick,8545123450,Nurse
Md-000741,female,Vega,Mcdaniel,9744083460,Nurse
Md-000742,male,Stanton,Kaufman,9954953247,Nurse
Md-000743,male,Tanisha,Washington,9365003716,Nurse
Md-000744,female,Nona,Trujillo,8215343439,Nurse
Md-000745,female,Rhonda,Ryan,8085512765,Nurse
Md-000746,female,Gordon,Reilly,9995883005,Nurse
Md-000747,male,Stacie,Moran,9685982962,Nurse
Md-000748,female,Bruce,Lucas,9415822594,Nurse
Md-000749,male,Margery,May,8645522287,Nurse
Md-000750,female,Arlene,Finley,9994072167,Nurse
Md-000751,female,Georgette,Fletcher,9695282399,Nurse
Md-000752,female,Ethel,Clarke,8015372358,Nurse
Md-000753,female,Jewel,Mccarthy,8595082177,Nurse
Md-000754,female,Bowman,Best,9775312203,Nurse
Md-000755,male,Byers,Mcintyre,9915283170,Nurse
Md-000756,male,Tamera,Scott,8694422487,Nurse
Md-000757,female,Berta,Beard,9834433951,Nurse
Md-000758,female,Ollie,Acevedo,8855522757,Nurse
Md-000759,female,Colleen,Perry,8744373497,Nurse
Md-000760,female,David,Foster,8754693172,Nurse
Md-000761,male,Bobbi,Mckee,9544122584,Nurse
Md-000762,female,Munoz,Hernandez,9214763233,Nurse
Md-000763,male,Pollard,Mccullough,8134212740,Nurse
Md-000764,male,Palmer,Mcdonald,9925162140,Nurse
Md-000765,male,Leanne,Holman,8785063295,Nurse
Md-000766,female,Sexton,Moss,9964373194,Nurse
Md-000767,male,Florence,Parrish,8844383514,Nurse
Md-000768,female,Sallie,Horn,8005673333,Nurse
Md-000769,female,Jerry,Wilder,9284773753,Nurse
Md-000770,female,Nunez,Dickerson,8224152542,Nurse
Md-000771,male,Alfreda,Emerson,9915522904,Nurse
Md-000772,female,Snider,Rivas,8654293740,Nurse
Md-000773,male,Reed,Levine,9525792164,Nurse
Md-000774,male,Potts,Casey,8304913414,Nurse
Md-000775,male,Genevieve,Shannon,8894903669,Nurse
Md-000776,female,Ingrid,Kirby,8295583510,Nurse
Md-000777,female,Janine,Cantrell,8215632678,Nurse
Md-000778,female,Hartman,Price,8104593352,Nurse
Md-000779,male,Oneil,Prince,8614893871,Nurse
Md-000780,male,Rebecca,Cook,8034753988,Nurse
Md-000781,female,Hardin,Mcfarland,8985073393,Nurse
Md-000782,male,Laverne,Lamb,8165163217,Nurse
Md-000783,female,Alma,Clements,8584493418,Nurse
Md-000784,female,Burton,Rosales,8245343416,Nurse
Md-000785,male,Britt,Dean,8664433392,Nurse
Md-000786,male,Tracey,Gibbs,8144803322,Nurse
Md-000787,female,Berg,Chaney,8475853585,Nurse
Md-000788,male,Moreno,Beach,9295392543,Nurse
Md-000789,male,Hinton,Moody,9405622238,Nurse
Md-000790,male,Chang,Neal,9385993549,Nurse
Md-000791,male,Leigh,Norman,9995892370,Nurse
Md-000792,female,Kelly,Spears,9265342429,Nurse
Md-000793,female,Nelda,Mcgowan,8814413149,Nurse
Md-000794,female,Julie,Maldonado,8965242564,Nurse
Md-000795,female,Deirdre,Simpson,9845262221,Nurse
Md-000796,female,Helga,Vincent,8085562754,Nurse
Md-000797,female,Patterson,Camacho,9855603163,Nurse
Md-000798,male,Sherri,Chambers,9664133499,Nurse
Md-000799,female,Strickland,Houston,8105673979,Nurse
Md-000800,male,Jayne,Gomez,9015152585,Doctor
Md-000801,female,Bates,Molina,9305942993,Doctor
Md-000802,male,Milagros,Solis,9454973851,Doctor
Md-000803,female,Tracie,Koch,8605312926,Doctor
Md-000804,female,Roach,Olsen,8185102249,Doctor
Md-000805,male,Fannie,Lewis,8284943184,Doctor
Md-000806,female,Diane,Velazquez,8434963005,Doctor
Md-000807,female,Gwendolyn,Hensley,9324283202,Doctor
Md-000808,female,Marquita,Roberts,9654852150,Doctor
Md-000809,female,Brown,Mullins,8535103011,Doctor
Md-000810,male,Pennington,David,8724842097,Doctor
Md-000811,male,Ochoa,George,9075992642,Doctor
Md-000812,male,Natasha,Reid,9195912623,Doctor
Md-000813,female,Ryan,Cobb,8484982906,Doctor
Md-000814,male,Holloway,Stephens,8624942690,Doctor
Md-000815,male,Felicia,Garcia,9315563084,Doctor
Md-000816,female,Blankenship,Moses,8205253281,Doctor
Md-000817,male,Coleman,Odom,9574552666,Doctor
Md-000818,male,Long,Hill,8074943568,Doctor
Md-000819,male,Lesley,Sanders,8354793499,Doctor
Md-000820,female,Ida,Dodson,8984802418,Doctor
Md-000821,female,Shepherd,Duffy,8544762010,Doctor
Md-000822,male,Charmaine,Singleton,9115302760,Doctor
Md-000823,female,Lynnette,Pugh,8195053958,Doctor
Md-000824,female,Nichole,Woodard,9434462566,Doctor
Md-000825,female,Perry,Cotton,8835093260,Doctor
Md-000826,male,Tammy,Erickson,8295952909,Doctor
Md-000827,female,Judith,Mosley,8845383118,Doctor
Md-000828,female,Roy,Cortez,9444682782,Doctor
Md-000829,male,Pamela,Carey,9095892430,Doctor
Md-000830,female,Hester,Burks,8215423156,Doctor
Md-000831,female,Shauna,Gordon,8024462938,Doctor
Md-000832,female,Manning,Clay,8835973650,Doctor
Md-000833,male,Thelma,Dale,9785773998,Doctor
Md-000834,female,Lilia,Holden,9605912279,Doctor
Md-000835,female,Lowery,Stokes,9935112353,Doctor
Md-000836,male,Angelina,Cannon,8285053116,Doctor
Md-000837,female,Lester,Rojas,8304603317,Doctor
Md-000838,male,Karen,Warren,9155842234,Doctor
Md-000839,female,Graves,Navarro,8975393320,Doctor
Md-000840,male,Penny,Norris,8795962532,Doctor
Md-000841,female,Stacy,Haley,9514562779,Doctor
Md-000842,female,Virgie,Rose,9275663022,Doctor
Md-000843,female,Patrice,Walls,9195452805,Doctor
Md-000844,female,John,Knight,9124842708,Doctor
Md-000845,female,Ebony,Sheppard,9955103329,Doctor
Md-000846,female,Nadine,Lowery,9405173798,Doctor
Md-000847,female,Valenzuela,Hayden,8424882987,Doctor
Md-000848,male,Guy,Beck,9684263909,Doctor
Md-000849,male,Olivia,Cummings,8555373684,Doctor
Md-000850,female,Mildred,French,9564483044,Doctor
Md-000851,female,Emma,Griffith,8075182248,Doctor
Md-000852,female,Sandra,Conley,9795512830,Doctor
Md-000853,female,Lois,Snyder,8104963065,Doctor
Md-000854,female,Hale,Bowman,9355012214,Doctor
Md-000855,male,Preston,Wright,8865742189,Doctor
Md-000856,male,Jillian,Berry,8504562490,Doctor
Md-000857,female,Carey,Barnes,8674032237,Doctor
Md-000858,female,Sherry,Daugherty,8045813955,Doctor
Md-000859,female,Jewell,Sparks,8125932932,Doctor
Md-000860,female,Guadalupe,Huffman,9565213700,Doctor
Md-000861,female,Peggy,Rowe,9884223531,Doctor
Md-000862,female,Kim,Soto,9515693781,Doctor
Md-000863,male,Hernandez,Sellers,9905843491,Doctor
Md-000864,male,Annabelle,Eaton,8425433602,Doctor
Md-000865,female,Parks,Mccoy,9955772861,Doctor
Md-000866,male,Juana,Rhodes,8765953899,Doctor
Md-000867,female,Bethany,Savage,9424873439,Doctor
Md-000868,female,Dominique,Boyd,9224912485,Doctor
Md-000869,female,Corrine,Conner,9814902497,Doctor
Md-000870,female,Doris,Roberson,8585043474,Doctor
Md-000871,female,Nicholson,Jordan,9964503473,Doctor
Md-000872,male,Jo,Green,9654923724,Doctor
Md-000873,female,Rodriguez,Ingram,9424382654,Doctor
Md-000874,male,Jocelyn,Baldwin,8654883706,Doctor
Md-000875,female,Angelita,Doyle,9164632174,Doctor
Md-000876,female,Noel,Larsen,9984823257,Doctor
Md-000877,male,Osborne,William,9205542472,Doctor
Md-000878,male,Estrada,Collins,8504433838,Doctor
Md-000879,male,Carla,Odonnell,9954352796,Doctor
Md-000880,female,Barnett,Fox,9264302848,Doctor
Md-000881,male,Rene,Pratt,8254672595,Doctor
Md-000882,female,Sanders,Farrell,8484723285,Doctor
Md-000883,male,Marlene,Kelly,8314693863,Doctor
Md-000884,female,Hoover,Sosa,9504022063,Doctor
Md-000885,male,Jannie,Wise,9134803867,Doctor
Md-000886,female,Boyd,Fisher,9975083106,Doctor
Md-000887,male,Rice,Robles,8334563046,Doctor
Md-000888,male,English,Spencer,9465092912,Doctor
Md-000889,male,Hamilton,Ball,8815992091,Doctor
Md-000890,male,Camacho,Foreman,9165012321,Doctor
Md-000891,male,Fuller,Hicks,8405093467,Doctor
Md-000892,male,Robyn,Benson,8085062430,Doctor
Md-000893,female,Harvey,Hampton,9634473939,Doctor
Md-000894,male,Susana,Calhoun,9684843232,Doctor
Md-000895,female,Beatrice,Yang,8164072209,Doctor
Md-000896,female,Skinner,Fry,8464012774,Doctor
Md-000897,male,Melinda,Lynn,8504293715,Doctor
Md-000898,female,Marquez,Rodriquez,9045013070,Doctor
Md-000899,male,Dunlap,Case,8395712444,Doctor
Md-000900,male,Robert,Griffin,9665412000,Nurse
Md-000901,female,Krystal,Pierce,8795122575,Nurse
Md-000902,female,Judy,Mclean,8695302015,Nurse
Md-000903,female,Kidd,Montoya,9125393153,Nurse
Md-000904,male,Monique,Copeland,9735102685,Nurse
Md-000905,female,Mcdowell,Manning,8235383734,Nurse
Md-000906,male,Edith,Wilkinson,9054633887,Nurse
Md-000907,female,Ramona,Gallagher,9465582290,Nurse
Md-000908,female,Tommie,Herrera,8455702266,Nurse
Md-000909,female,Shannon,Christian,9385412978,Nurse
Md-000910,female,Kirk,Poole,8705923347,Nurse
Md-000911,male,Cornelia,Jennings,9534583237,Nurse
Md-000912,female,Knight,Rich,8144343228,Nurse
Md-000913,male,Inez,Mack,9594132135,Nurse
Md-000914,female,Morton,Joyce,9874772035,Nurse
Md-000915,male,Reynolds,Cunningham,8954193958,Nurse
Md-000916,male,Armstrong,Hays,8704552916,Nurse
Md-000917,male,Stacey,Puckett,8615533270,Nurse
Md-000918,female,Socorro,Cox,8314852327,Nurse
Md-000919,female,Miles,Hall,9055473450,Nurse
Md-000920,male,Madden,Becker,9764122857,Nurse
Md-000921,male,Hansen,Guerra,9725112561,Nurse
Md-000922,male,Bray,Obrien,9264513605,Nurse
Md-000923,male,Cummings,Luna,8735212618,Nurse
Md-000924,male,Allyson,Buchanan,8794422069,Nurse
Md-000925,female,Lauren,Lindsay,9835003283,Nurse
Md-000926,female,Burke,Webb,8165882014,Nurse
Md-000927,male,Merritt,Hoover,9904982893,Nurse
Md-000928,male,Angelique,Moore,8724492362,Nurse
Md-000929,female,Nora,Farley,9774623749,Nurse
Md-000930,female,Maryanne,Park,9564723873,Nurse
Md-000931,female,Nichols,Atkins,8465853296,Nurse
Md-000932,male,Christy,Everett,8814962705,Nurse
Md-000933,female,Myrtle,Lowe,8464402319,Nurse
Md-000934,female,Garza,Marsh,8334693012,Nurse
Md-000935,male,Villarreal,Kemp,8894192470,Nurse
Md-000936,male,Rasmussen,Sargent,9125533996,Nurse
Md-000937,male,Padilla,Day,8934122648,Nurse
Md-000938,male,Ines,Downs,8035543444,Nurse
Md-000939,female,Elnora,Cameron,8964322175,Nurse
Md-000940,female,Rose,Burton,8675293208,Nurse
Md-000941,male,Walton,Romero,9095552905,Nurse
Md-000942,male,Shelia,Hunt,9424333584,Nurse
Md-000943,female,Salazar,Wilcox,8965623738,Nurse
Md-000944,male,Whitley,Medina,8945583384,Nurse
Md-000945,male,Dee,Callahan,8625523144,Nurse
Md-000946,female,Craig,Dunn,8695083682,Nurse
Md-000947,male,Tyler,Burch,9254592327,Nurse
Md-000948,male,Rogers,Hood,9255303409,Nurse
Md-000949,male,Joanne,Frazier,8014052302,Nurse
Md-000950,female,Park,Barlow,9734172872,Nurse
Md-000951,male,Herrera,Schneider,8735933232,Nurse
Md-000952,male,Hilda,Hendrix,9775413537,Nurse
Md-000953,female,Katharine,Bennett,9364433059,Nurse
Md-000954,female,Maude,Shields,9934882137,Nurse
Md-000955,female,Perez,Stein,9524292780,Nurse
Md-000956,male,Sharron,Blevins,9614912769,Nurse
Md-000957,female,Quinn,Guy,8635302839,Nurse
Md-000958,male,Alison,Richard,8264883577,Nurse
Md-000959,female,Sheree,Barrett,8085632706,Nurse
Md-000960,female,Sharpe,Howell,9685542398,Nurse
Md-000961,male,Witt,Battle,9505913410,Nurse
Md-000962,male,Tonya,Rasmussen,9524243170,Nurse
Md-000963,female,Maricela,Cline,8435432318,Nurse
Md-000964,female,Jeannine,Whitley,8925463396,Nurse
Md-000965,female,Howard,Gardner,9085743936,Nurse
Md-000966,male,Wong,Love,9405162898,Nurse
Md-000967,male,Mabel,Patton,9504923278,Nurse
Md-000968,female,Chandra,Lara,9784443464,Nurse
Md-000969,female,Tessa,Gibson,9484792638,Nurse
Md-000970,female,Franklin,Mcconnell,8504692280,Nurse
Md-000971,male,Rachelle,Wilson,9024263501,Nurse
Md-000972,female,Jerri,Peterson,8705403082,Nurse
Md-000973,female,Burns,Munoz,8695632659,Nurse
Md-000974,male,Luann,Bryan,9284482300,Nurse
Md-000975,female,Vargas,Sanford,8735762952,Nurse
Md-000976,male,Waller,Buckley,9875282996,Nurse
Md-000977,male,Francesca,Rutledge,8944913537,Nurse
Md-000978,female,Santos,Gill,9346003751,Nurse
Md-000979,male,Hawkins,Bryant,8995773319,Nurse
Md-000980,male,Valerie,Stafford,9765853796,Nurse
Md-000981,female,Solomon,Ayala,8684772817,Nurse
Md-000982,male,Dana,Bass,8054753834,Nurse
Md-000983,female,Lucy,Maddox,8234982285,Nurse
Md-000984,female,Roseann,Ruiz,8565103685,Nurse
Md-000985,female,Hogan,Jimenez,9954933753,Nurse
Md-000986,male,Suarez,Hansen,8045482249,Nurse
Md-000987,male,Guerrero,Shelton,8095163955,Nurse
Md-000988,male,Obrien,Vazquez,9005112697,Nurse
Md-000989,male,Sparks,Bates,8865362900,Nurse
Md-000990,male,Kathy,Roy,9915082149,Nurse
Md-000991,female,Earlene,Mcneil,8125122402,Nurse
Md-000992,female,Alicia,Hodges,9024533409,Nurse
Md-000993,female,Collins,Short,8844152307,Nurse
Md-000994,male,Elisabeth,Baker,9104643567,Nurse
Md-000995,female,Eaton,Bishop,9454602584,Nurse
Md-000996,male,Grace,Harris,9265963675,Nurse
Md-000997,female,Tami,Small,9255773510,Nurse
Md-000998,female,Barry,Wade,8615593718,Nurse
Md-000999,male,Bridgett,Morris,9264713234,Nurse
Md-001000,female,Dale,Pittman,9235952967,Nurse
