"Medico ID","Gender","First name","Last name","phone","Responsibility"
"Md-000001","male","Justine","Pittman","(942) 533-2190","Doctor"
"Md-000002","female","Casey","Keith","(946) 442-2296","Doctor"
"Md-000003","female","Christian","Mckenzie","(827) 541-2176","Doctor"
"Md-000004","female","Jana","Vargas","(924) 552-3933","Doctor"
"Md-000005","female","Jaclyn","Turner","(902) 460-3837","Doctor"
"Md-000006","female","Naomi","Hunter","(989) 494-3723","Doctor"
"Md-000007","female","Head","Olson","(803) 563-2737","Doctor"
"Md-000008","male","Montgomery","Massey","(984) 570-2160","Doctor"
"Md-000009","male","Laurie","White","(962) 586-3573","Doctor"
"Md-000010","female","Jackie","Hahn","(971) 584-2421","Doctor"
"Md-000011","female","Mattie","Hess","(823) 528-2447","Doctor"
"Md-000012","female","Barron","Giles","(914) 418-3179","Doctor"
"Md-000013","male","Lorene","Donovan","(851) 590-3429","Doctor"
"Md-000014","female","Kirkland","Kennedy","(880) 574-2245","Doctor"
"Md-000015","male","Farley","Hancock","(840) 583-3300","Doctor"
"Md-000016","male","Ruthie","Hale","(978) 568-3838","Doctor"
"Md-000017","female","Teri","Rosa","(856) 526-2075","Doctor"
"Md-000018","female","Huffman","Mcbride","(859) 587-2424","Doctor"
"Md-000019","male","Lindsay","Whitehead","(892) 449-3376","Doctor"
"Md-000020","female","Rush","Grimes","(956) 456-3383","Doctor"
"Md-000021","male","Blanche","Waters","(846) 438-2430","Doctor"
"Md-000022","female","Elva","Meyer","(923) 537-3431","Doctor"
"Md-000023","female","Neal","Carroll","(859) 508-2587","Doctor"
"Md-000024","male","Mayo","Gaines","(905) 440-3587","Doctor"
"Md-000025","male","Frederick","Davis","(843) 495-2541","Doctor"
"Md-000026","male","April","Sampson","(857) 424-2747","Doctor"
"Md-000027","female","Landry","Middleton","(866) 563-2629","Doctor"
"Md-000028","male","Franks","Ayers","(943) 576-3782","Doctor"
"Md-000029","male","Leah","Lindsey","(943) 527-3014","Doctor"
"Md-000030","female","Stephens","Bean","(823) 531-3042","Doctor"
"Md-000031","male","Jacobson","Willis","(863) 516-2183","Doctor"
"Md-000032","male","Whitney","Johnston","(845) 573-2280","Doctor"
"Md-000033","male","Dorothy","Compton","(941) 472-2102","Doctor"
"Md-000034","female","Hurley","Valentine","(899) 496-3230","Doctor"
"Md-000035","male","Violet","Good","(883) 557-3397","Doctor"
"Md-000036","female","Mcknight","Swanson","(910) 591-2069","Doctor"
"Md-000037","male","Bianca","Allen","(909) 567-3311","Doctor"
"Md-000038","female","Livingston","Wong","(894) 409-2720","Doctor"
"Md-000039","male","Craft","Durham","(995) 563-3203","Doctor"
"Md-000040","male","Kaye","Estrada","(961) 418-2640","Doctor"
"Md-000041","female","Connie","Ramirez","(887) 536-2228","Doctor"
"Md-000042","female","Kemp","Padilla","(973) 480-2401","Doctor"
"Md-000043","male","Vinson","Bowen","(864) 470-3394","Doctor"
"Md-000044","male","Lidia","Taylor","(800) 528-3269","Doctor"
"Md-000045","female","Cheryl","Atkinson","(839) 485-2435","Doctor"
"Md-000046","female","Casey","Stark","(882) 565-2916","Doctor"
"Md-000047","male","Curry","Carson","(998) 421-2789","Doctor"
"Md-000048","male","Mccray","Irwin","(827) 585-3259","Doctor"
"Md-000049","male","Cantrell","Baxter","(900) 406-3407","Doctor"
"Md-000050","male","Amanda","Rosario","(906) 463-2819","Doctor"
"Md-000051","female","Jensen","Garner","(938) 501-2844","Doctor"
"Md-000052","male","Leta","Leach","(950) 580-3566","Doctor"
"Md-000053","female","Manuela","Simmons","(954) 508-3654","Doctor"
"Md-000054","female","Frankie","Ferrell","(911) 403-2859","Doctor"
"Md-000055","female","Caldwell","Snow","(907) 545-3425","Doctor"
"Md-000056","male","Tania","Phelps","(906) 436-2895","Doctor"
"Md-000057","female","Garner","Young","(924) 579-2577","Doctor"
"Md-000058","male","French","Howe","(863) 563-2498","Doctor"
"Md-000059","male","Glenna","Hurst","(865) 535-2701","Doctor"
"Md-000060","female","Hatfield","Lynch","(872) 599-2489","Doctor"
"Md-000061","male","Rosalind","Greer","(812) 571-2279","Doctor"
"Md-000062","female","Barker","Hardin","(946) 486-3329","Doctor"
"Md-000063","male","Parker","Glover","(867) 483-2375","Doctor"
"Md-000064","male","Kane","Brooks","(811) 575-2273","Doctor"
"Md-000065","male","Malone","Mooney","(859) 543-2320","Doctor"
"Md-000066","male","Ramos","Woodward","(810) 452-2578","Doctor"
"Md-000067","male","Rosales","Mejia","(995) 574-2503","Doctor"
"Md-000068","male","Holcomb","Caldwell","(984) 529-3855","Doctor"
"Md-000069","male","Moore","Ratliff","(826) 428-2185","Doctor"
"Md-000070","male","Cleveland","Page","(979) 525-3024","Doctor"
"Md-000071","male","Huber","Morrow","(972) 545-3206","Doctor"
"Md-000072","male","Ray","Banks","(824) 580-2019","Doctor"
"Md-000073","male","Leonard","Avila","(947) 502-3731","Doctor"
"Md-000074","male","Lourdes","Salazar","(812) 454-2350","Doctor"
"Md-000075","female","Figueroa","Hester","(933) 550-3588","Doctor"
"Md-000076","male","Frye","Powers","(916) 421-3117","Doctor"
"Md-000077","male","Hanson","Ellis","(976) 499-3388","Doctor"
"Md-000078","male","Glenn","Castillo","(896) 554-2863","Doctor"
"Md-000079","male","Olive","Payne","(845) 471-2177","Doctor"
"Md-000080","female","Todd","James","(888) 415-2337","Doctor"
"Md-000081","male","Ila","Clemons","(842) 475-3305","Doctor"
"Md-000082","female","Debbie","Todd","(970) 566-3715","Doctor"
"Md-000083","female","Debora","Zamora","(982) 537-2419","Doctor"
"Md-000084","female","Baldwin","Alford","(909) 529-2953","Doctor"
"Md-000085","male","Esther","Byers","(811) 481-2537","Doctor"
"Md-000086","female","Wilda","Freeman","(976) 480-3062","Doctor"
"Md-000087","female","Wise","Mckinney","(897) 529-3794","Doctor"
"Md-000088","male","Willie","Ballard","(840) 596-2672","Doctor"
"Md-000089","female","Annmarie","Gilliam","(816) 509-2100","Doctor"
"Md-000090","female","Joyce","Rivera","(933) 454-3176","Doctor"
"Md-000091","female","Cecelia","Lester","(917) 461-3999","Doctor"
"Md-000092","female","Whitney","Anthony","(993) 464-2304","Doctor"
"Md-000093","female","Davenport","Nelson","(831) 577-2471","Doctor"
"Md-000094","male","Hopper","Lane","(888) 600-3358","Doctor"
"Md-000095","male","Dunn","Hudson","(985) 595-2647","Doctor"
"Md-000096","male","Barrett","Cabrera","(883) 564-3740","Doctor"
"Md-000097","male","Short","Rios","(822) 528-3358","Doctor"
"Md-000098","male","Kendra","Mccray","(939) 490-2436","Doctor"
"Md-000099","female","Kara","Ramos","(981) 418-3493","Doctor"
"Md-000100","female","Spence","Greene","(878) 504-3068","Nurse"
"Md-000101","male","Ellison","Mcintosh","(888) 562-3350","Nurse"
"Md-000102","male","Carroll","Colon","(882) 415-2142","Nurse"
"Md-000103","male","Harper","Gilmore","(870) 506-3318","Nurse"
"Md-000104","male","Pacheco","Kirkland","(800) 442-2147","Nurse"
"Md-000105","male","Bessie","Stewart","(962) 528-2063","Nurse"
"Md-000106","female","Celeste","Buck","(941) 477-3966","Nurse"
"Md-000107","female","Tillman","Floyd","(878) 484-3091","Nurse"
"Md-000108","male","Colon","Sweeney","(930) 465-2746","Nurse"
"Md-000109","male","Sears","Kerr","(971) 533-2620","Nurse"
"Md-000110","male","Juliet","Mcclain","(934) 484-3334","Nurse"
"Md-000111","female","Kaitlin","Forbes","(857) 410-2965","Nurse"
"Md-000112","female","Trudy","Owens","(957) 538-2056","Nurse"
"Md-000113","female","Bernard","Carrillo","(937) 550-2500","Nurse"
"Md-000114","male","Saundra","Newton","(903) 423-3670","Nurse"
"Md-000115","female","Ina","Garrett","(810) 411-3124","Nurse"
"Md-000116","female","Smith","Velez","(923) 441-2629","Nurse"
"Md-000117","male","Aurelia","Finch","(890) 414-2568","Nurse"
"Md-000118","female","Ingram","Vang","(928) 525-3768","Nurse"
"Md-000119","male","Winnie","Jacobson","(998) 432-2049","Nurse"
"Md-000120","female","Millicent","Spence","(980) 507-2139","Nurse"
"Md-000121","female","Cohen","Brady","(966) 578-3481","Nurse"
"Md-000122","male","Selma","Pena","(868) 457-2747","Nurse"
"Md-000123","female","Candace","Butler","(920) 490-2315","Nurse"
"Md-000124","female","Magdalena","Harrell","(963) 555-2448","Nurse"
"Md-000125","female","Callie","Diaz","(950) 574-2787","Nurse"
"Md-000126","female","Griffin","Mcmahon","(830) 473-2834","Nurse"
"Md-000127","male","Porter","Leon","(893) 410-2831","Nurse"
"Md-000128","male","Mccarty","Mills","(869) 421-3979","Nurse"
"Md-000129","male","Yates","Vasquez","(999) 476-2372","Nurse"
"Md-000130","male","Talley","Perez","(813) 520-3202","Nurse"
"Md-000131","male","Cameron","Sutton","(915) 600-2638","Nurse"
"Md-000132","male","George","Robbins","(983) 459-2277","Nurse"
"Md-000133","male","Aline","Ray","(837) 573-3134","Nurse"
"Md-000134","female","Lila","Underwood","(918) 436-3473","Nurse"
"Md-000135","female","Hammond","Osborn","(979) 460-3451","Nurse"
"Md-000136","male","Bonner","Mendoza","(922) 524-2688","Nurse"
"Md-000137","male","Lindsay","Flynn","(887) 406-2672","Nurse"
"Md-000138","male","Case","Noel","(919) 560-2555","Nurse"
"Md-000139","male","Valencia","Petersen","(951) 468-2922","Nurse"
"Md-000140","male","Leona","Wiley","(907) 464-3750","Nurse"
"Md-000141","female","Slater","Hayes","(983) 455-2999","Nurse"
"Md-000142","male","Sabrina","Daniels","(987) 436-2866","Nurse"
"Md-000143","female","Katheryn","Wallace","(826) 428-3284","Nurse"
"Md-000144","female","Parsons","Roth","(823) 423-3972","Nurse"
"Md-000145","male","Aida","Maynard","(850) 566-2700","Nurse"
"Md-000146","female","Greene","Morgan","(978) 424-3461","Nurse"
"Md-000147","male","Millie","Cleveland","(976) 414-2533","Nurse"
"Md-000148","female","Key","Hewitt","(904) 496-3131","Nurse"
"Md-000149","male","Beverly","Acosta","(886) 499-2188","Nurse"
"Md-000150","female","Graham","Gonzalez","(884) 597-2710","Nurse"
"Md-000151","male","Priscilla","Riddle","(926) 513-2099","Nurse"
"Md-000152","female","Charlotte","Gutierrez","(879) 479-2713","Nurse"
"Md-000153","female","Benson","Tyson","(975) 452-2519","Nurse"
"Md-000154","male","Roberta","Benton","(918) 492-2981","Nurse"
"Md-000155","female","Mccullough","Blankenship","(920) 425-2884","Nurse"
"Md-000156","male","Ward","Stanley","(826) 589-3548","Nurse"
"Md-000157","male","Mallory","Church","(988) 569-2352","Nurse"
"Md-000158","female","Lyons","English","(867) 485-2871","Nurse"
"Md-000159","male","Vazquez","Bernard","(849) 464-2162","Nurse"
"Md-000160","male","Marilyn","Petty","(951) 519-3592","Nurse"
"Md-000161","female","Baxter","Cote","(909) 455-3294","Nurse"
"Md-000162","male","Albert","Franks","(967) 472-2575","Nurse"
"Md-000163","male","Sandoval","Patrick","(904) 450-2811","Nurse"
"Md-000164","male","Hubbard","Santana","(978) 546-3134","Nurse"
"Md-000165","male","Sondra","Schmidt","(888) 506-2707","Nurse"
"Md-000166","female","Duffy","Randolph","(861) 488-2412","Nurse"
"Md-000167","male","Alba","Hickman","(978) 580-3680","Nurse"
"Md-000168","female","Lorraine","Nielsen","(856) 584-2910","Nurse"
"Md-000169","female","Herminia","Kidd","(921) 539-2660","Nurse"
"Md-000170","female","Janie","York","(869) 578-3008","Nurse"
"Md-000171","female","Mariana","Holt","(805) 415-3307","Nurse"
"Md-000172","female","Holman","Thornton","(903) 412-2629","Nurse"
"Md-000173","male","Chandler","Cross","(885) 419-3089","Nurse"
"Md-000174","male","Leila","Hooper","(934) 557-2308","Nurse"
"Md-000175","female","Aguirre","Weiss","(956) 516-2330","Nurse"
"Md-000176","male","Bond","Adams","(975) 463-3406","Nurse"
"Md-000177","male","Rose","Hebert","(990) 436-3328","Nurse"
"Md-000178","female","Carolina","Strickland","(892) 543-3526","Nurse"
"Md-000179","female","Best","Gross","(803) 452-2093","Nurse"
"Md-000180","male","Maxwell","Sandoval","(848) 590-3188","Nurse"
"Md-000181","male","Bridgette","Haynes","(803) 524-3202","Nurse"
"Md-000182","female","May","Tanner","(993) 481-3411","Nurse"
"Md-000183","female","Dale","Villarreal","(996) 533-2586","Nurse"
"Md-000184","female","Hampton","Waller","(888) 460-2650","Nurse"
"Md-000185","male","Linda","Murphy","(937) 572-2635","Nurse"
"Md-000186","female","Trevino","Delgado","(946) 508-2427","Nurse"
"Md-000187","male","Lawrence","Burke","(951) 427-2664","Nurse"
"Md-000188","male","Shari","Guerrero","(950) 537-3950","Nurse"
"Md-000189","female","Benton","Newman","(828) 401-2614","Nurse"
"Md-000190","male","Constance","Burt","(986) 550-2613","Nurse"
"Md-000191","female","Leanna","Patterson","(941) 579-3446","Nurse"
"Md-000192","female","Grimes","Galloway","(839) 599-3300","Nurse"
"Md-000193","male","Reese","Dalton","(842) 462-2537","Nurse"
"Md-000194","male","Chase","Brown","(964) 597-2331","Nurse"
"Md-000195","male","Strong","Farmer","(961) 538-3065","Nurse"
"Md-000196","male","Lamb","Cole","(965) 589-2487","Nurse"
"Md-000197","male","Chen","Henry","(957) 578-2507","Nurse"
"Md-000198","male","Irwin","Gay","(976) 567-2826","Nurse"
"Md-000199","male","Kim","Coleman","(916) 422-3042","Nurse"
"Md-000200","female","Walsh","Fischer","(964) 473-2759","Doctor"
"Md-000201","male","Earnestine","Merrill","(986) 450-2534","Doctor"
"Md-000202","female","Carlene","Pacheco","(830) 557-2949","Doctor"
"Md-000203","female","Reba","Logan","(893) 492-3238","Doctor"
"Md-000204","female","Belinda","Mitchell","(851) 542-2235","Doctor"
"Md-000205","female","Jolene","Quinn","(981) 438-3295","Doctor"
"Md-000206","female","Heather","Hawkins","(819) 449-3036","Doctor"
"Md-000207","female","Foreman","Boone","(877) 565-2163","Doctor"
"Md-000208","male","Stark","Reynolds","(860) 569-2724","Doctor"
"Md-000209","male","Marianne","Wooten","(813) 410-2975","Doctor"
"Md-000210","female","Traci","Kirk","(876) 476-2645","Doctor"
"Md-000211","female","Deleon","Nguyen","(995) 450-2185","Doctor"
"Md-000212","male","Lynch","Humphrey","(850) 587-2297","Doctor"
"Md-000213","male","Cristina","Dickson","(843) 544-3114","Doctor"
"Md-000214","female","Bridges","Bright","(940) 540-3965","Doctor"
"Md-000215","male","Oneal","Burris","(992) 548-3946","Doctor"
"Md-000216","male","Sandy","Austin","(966) 545-2509","Doctor"
"Md-000217","female","Evelyn","Robinson","(947) 486-3472","Doctor"
"Md-000218","female","Ofelia","Mccormick","(862) 406-3806","Doctor"
"Md-000219","female","Christensen","Burnett","(962) 532-3220","Doctor"
"Md-000220","male","Sims","Bolton","(842) 492-2198","Doctor"
"Md-000221","male","Amber","Barton","(945) 470-2956","Doctor"
"Md-000222","female","Fernandez","Valdez","(939) 515-2492","Doctor"
"Md-000223","male","Avery","Walker","(851) 491-3542","Doctor"
"Md-000224","male","Carmella","Wagner","(952) 462-2160","Doctor"
"Md-000225","female","Loraine","Whitaker","(919) 599-3151","Doctor"
"Md-000226","female","Adeline","Palmer","(917) 480-3237","Doctor"
"Md-000227","female","Annette","Pace","(998) 507-2073","Doctor"
"Md-000228","female","Jarvis","Mayer","(955) 450-2073","Doctor"
"Md-000229","male","Angelica","Delacruz","(974) 517-2663","Doctor"
"Md-000230","female","Noreen","Delaney","(855) 500-2441","Doctor"
"Md-000231","female","Jennings","Barnett","(880) 488-3673","Doctor"
"Md-000232","male","Teresa","Duncan","(818) 511-2550","Doctor"
"Md-000233","female","Marcie","Anderson","(828) 535-3800","Doctor"
"Md-000234","female","Herman","Murray","(840) 545-2094","Doctor"
"Md-000235","male","Kelsey","Bond","(968) 555-3603","Doctor"
"Md-000236","female","Walters","Solomon","(943) 492-2792","Doctor"
"Md-000237","male","Bright","Baird","(857) 401-3010","Doctor"
"Md-000238","male","Sellers","Dotson","(824) 422-3603","Doctor"
"Md-000239","male","Ellis","Mercer","(959) 506-2437","Doctor"
"Md-000240","male","Ursula","Levy","(920) 532-2950","Doctor"
"Md-000241","female","Salinas","Arnold","(901) 528-3830","Doctor"
"Md-000242","male","Anderson","Wiggins","(895) 538-2882","Doctor"
"Md-000243","male","Buck","Vance","(960) 542-2768","Doctor"
"Md-000244","male","Louella","Branch","(951) 542-2158","Doctor"
"Md-000245","female","Jeanette","Tate","(836) 519-3945","Doctor"
"Md-000246","female","Elvia","Sullivan","(894) 474-2605","Doctor"
"Md-000247","female","Sosa","Peters","(820) 460-2328","Doctor"
"Md-000248","male","Dudley","Hamilton","(804) 477-3135","Doctor"
"Md-000249","male","Alvarado","Lawrence","(931) 490-2760","Doctor"
"Md-000250","male","Alana","Clark","(917) 451-2752","Doctor"
"Md-000251","female","Ophelia","Parks","(920) 580-3742","Doctor"
"Md-000252","female","Audra","Mendez","(971) 490-2651","Doctor"
"Md-000253","female","Parrish","Crawford","(931) 442-3626","Doctor"
"Md-000254","male","Vanessa","Alvarez","(884) 461-3872","Doctor"
"Md-000255","female","Deanna","Velasquez","(830) 455-3927","Doctor"
"Md-000256","female","Cortez","Rice","(817) 511-2693","Doctor"
"Md-000257","male","Dyer","Harding","(867) 474-2385","Doctor"
"Md-000258","male","Marcy","Salas","(956) 441-3443","Doctor"
"Md-000259","female","Michael","Drake","(811) 486-2763","Doctor"
"Md-000260","female","Christine","Glass","(873) 516-3855","Doctor"
"Md-000261","female","Kirby","Lee","(969) 444-2949","Doctor"
"Md-000262","male","Gonzalez","Jacobs","(884) 482-2704","Doctor"
"Md-000263","male","Ferrell","Albert","(923) 531-2148","Doctor"
"Md-000264","male","Sylvia","Holloway","(833) 431-3801","Doctor"
"Md-000265","female","Malinda","Frank","(929) 536-3199","Doctor"
"Md-000266","female","Clements","Nieves","(975) 411-2349","Doctor"
"Md-000267","male","Janette","Weaver","(809) 411-3446","Doctor"
"Md-000268","female","Michael","Johnson","(945) 520-2435","Doctor"
"Md-000269","male","Stout","Dunlap","(842) 559-2871","Doctor"
"Md-000270","male","Freda","Armstrong","(802) 561-2785","Doctor"
"Md-000271","female","Ilene","Carlson","(870) 475-3352","Doctor"
"Md-000272","female","Fry","Fitzgerald","(806) 479-3071","Doctor"
"Md-000273","male","Lindsey","Ramsey","(898) 462-3724","Doctor"
"Md-000274","female","Pugh","Estes","(864) 481-2959","Doctor"
"Md-000275","male","Matthews","Nolan","(974) 428-2925","Doctor"
"Md-000276","male","Price","Maxwell","(938) 420-2547","Doctor"
"Md-000277","male","Joanna","Torres","(827) 501-2674","Doctor"
"Md-000278","female","Letitia","Strong","(850) 589-2366","Doctor"
"Md-000279","female","Estela","Serrano","(966) 454-2539","Doctor"
"Md-000280","female","Ballard","Holder","(940) 565-2258","Doctor"
"Md-000281","male","Jamie","Vaughn","(956) 499-3630","Doctor"
"Md-000282","female","Marie","Wynn","(837) 454-3107","Doctor"
"Md-000283","female","Gilliam","Avery","(879) 515-3583","Doctor"
"Md-000284","male","York","Livingston","(820) 559-2142","Doctor"
"Md-000285","male","Minnie","Walton","(921) 440-3383","Doctor"
"Md-000286","female","Gayle","Juarez","(827) 440-3949","Doctor"
"Md-000287","female","Brittany","Townsend","(946) 555-3812","Doctor"
"Md-000288","female","Mandy","Garza","(826) 571-3724","Doctor"
"Md-000289","female","Contreras","Carver","(976) 420-3617","Doctor"
"Md-000290","male","Ball","Wood","(827) 536-2935","Doctor"
"Md-000291","male","Gallegos","Guzman","(893) 589-3209","Doctor"
"Md-000292","male","Brewer","Cantu","(842) 477-3119","Doctor"
"Md-000293","male","Norman","Barron","(943) 436-2902","Doctor"
"Md-000294","male","Latoya","Britt","(845) 435-2591","Doctor"
"Md-000295","female","Bryant","Meadows","(940) 596-2297","Doctor"
"Md-000296","male","Carlson","Sims","(843) 600-3112","Doctor"
"Md-000297","male","Rebekah","Wells","(891) 569-3771","Doctor"
"Md-000298","female","Kate","Sharpe","(965) 586-3044","Doctor"
"Md-000299","female","Mathews","Collier","(845) 555-2237","Doctor"
"Md-000300","male","Woodward","Paul","(976) 523-3308","Nurse"
"Md-000301","male","Banks","Booth","(837) 553-3704","Nurse"
"Md-000302","male","Burks","Shepherd","(809) 456-2528","Nurse"
"Md-000303","male","Martina","Gray","(924) 468-3439","Nurse"
"Md-000304","female","Miller","Wolf","(950) 425-2136","Nurse"
"Md-000305","male","Alejandra","Powell","(963) 446-3018","Nurse"
"Md-000306","female","Beard","Kelley","(851) 444-2252","Nurse"
"Md-000307","male","Holt","Mcpherson","(965) 565-3772","Nurse"
"Md-000308","male","Barton","Nunez","(898) 429-3688","Nurse"
"Md-000309","male","Mcintyre","Oconnor","(871) 501-2788","Nurse"
"Md-000310","male","Hoffman","Gilbert","(999) 448-2227","Nurse"
"Md-000311","male","Carissa","Bird","(843) 530-3508","Nurse"
"Md-000312","female","Melisa","Mason","(960) 486-3379","Nurse"
"Md-000313","female","Marta","Harrison","(813) 493-2140","Nurse"
"Md-000314","female","Lydia","Justice","(966) 529-3554","Nurse"
"Md-000315","female","Joann","Gallegos","(925) 597-3340","Nurse"
"Md-000316","female","Alyson","Horton","(867) 543-2178","Nurse"
"Md-000317","female","Bishop","Stevens","(887) 537-3113","Nurse"
"Md-000318","male","Dennis","Tyler","(987) 507-2828","Nurse"
"Md-000319","male","Hickman","Madden","(979) 532-2287","Nurse"
"Md-000320","male","Koch","Stanton","(929) 582-2852","Nurse"
"Md-000321","male","Johnson","Riley","(986) 520-3343","Nurse"
"Md-000322","male","Powell","Vinson","(889) 420-2688","Nurse"
"Md-000323","male","Patton","Skinner","(997) 550-3663","Nurse"
"Md-000324","male","Haynes","Black","(968) 591-3557","Nurse"
"Md-000325","male","Mckay","Castro","(900) 516-2454","Nurse"
"Md-000326","male","Hooper","Gregory","(894) 557-2775","Nurse"
"Md-000327","male","Jacqueline","Adkins","(947) 465-2579","Nurse"
"Md-000328","female","Roberts","Decker","(956) 465-3700","Nurse"
"Md-000329","male","Deloris","Morton","(992) 413-3642","Nurse"
"Md-000330","female","Katelyn","Ashley","(947) 480-2726","Nurse"
"Md-000331","female","Esperanza","Harvey","(812) 512-2613","Nurse"
"Md-000332","female","Haney","Matthews","(962) 449-2122","Nurse"
"Md-000333","male","Yesenia","Bailey","(910) 466-2300","Nurse"
"Md-000334","female","Sawyer","Dillon","(842) 441-3227","Nurse"
"Md-000335","male","Hallie","Harper","(993) 436-3812","Nurse"
"Md-000336","female","Jeanine","Graves","(845) 452-3366","Nurse"
"Md-000337","female","Owens","Fulton","(936) 531-3805","Nurse"
"Md-000338","male","Mooney","Deleon","(811) 533-3007","Nurse"
"Md-000339","male","Brooke","Jensen","(819) 416-3937","Nurse"
"Md-000340","female","Wright","Terry","(806) 454-2034","Nurse"
"Md-000341","male","Sonja","Ward","(876) 536-2757","Nurse"
"Md-000342","female","Joyce","Curry","(802) 547-2114","Nurse"
"Md-000343","male","Shaw","Rodriguez","(950) 536-2259","Nurse"
"Md-000344","male","Lopez","Marquez","(987) 455-3511","Nurse"
"Md-000345","male","Jessie","Chase","(957) 483-2245","Nurse"
"Md-000346","female","Luz","Cooley","(835) 559-2226","Nurse"
"Md-000347","female","Brittney","Elliott","(872) 561-3234","Nurse"
"Md-000348","female","Clare","Herring","(989) 547-3148","Nurse"
"Md-000349","female","Renee","Calderon","(828) 479-2216","Nurse"
"Md-000350","female","Riddle","Joyner","(938) 576-3778","Nurse"
"Md-000351","male","Alissa","Morrison","(932) 477-2073","Nurse"
"Md-000352","female","Pauline","Heath","(896) 424-3058","Nurse"
"Md-000353","female","Nolan","Stevenson","(936) 561-3154","Nurse"
"Md-000354","male","Peters","Rollins","(979) 419-3272","Nurse"
"Md-000355","male","Ashley","Dejesus","(877) 540-3418","Nurse"
"Md-000356","male","Copeland","Dorsey","(919) 514-3316","Nurse"
"Md-000357","male","Moon","Pruitt","(997) 540-2156","Nurse"
"Md-000358","male","Gomez","Shepard","(827) 575-2239","Nurse"
"Md-000359","male","Conley","Bridges","(963) 480-3284","Nurse"
"Md-000360","male","Haley","Miller","(817) 537-2001","Nurse"
"Md-000361","female","Simone","Witt","(946) 431-3665","Nurse"
"Md-000362","female","Gregory","Watts","(954) 492-2605","Nurse"
"Md-000363","male","Johanna","Grant","(841) 544-3116","Nurse"
"Md-000364","female","Jeannette","Salinas","(802) 521-2978","Nurse"
"Md-000365","female","Maryann","Wyatt","(844) 460-3695","Nurse"
"Md-000366","female","Donovan","Head","(905) 410-3735","Nurse"
"Md-000367","male","Tameka","Charles","(882) 458-2167","Nurse"
"Md-000368","female","Sheena","Key","(917) 542-3052","Nurse"
"Md-000369","female","Jennifer","Mcknight","(934) 504-3011","Nurse"
"Md-000370","female","Johnston","Melton","(869) 562-3745","Nurse"
"Md-000371","male","Karin","Whitney","(867) 450-3651","Nurse"
"Md-000372","female","Lauri","Campos","(900) 503-2709","Nurse"
"Md-000373","female","Rosella","Nixon","(921) 564-3436","Nurse"
"Md-000374","female","Lolita","Herman","(872) 464-2995","Nurse"
"Md-000375","female","Thomas","Webster","(863) 478-3538","Nurse"
"Md-000376","male","Tara","Hendricks","(843) 597-2756","Nurse"
"Md-000377","female","Ellen","Walters","(945) 575-3391","Nurse"
"Md-000378","female","Flores","Jarvis","(942) 588-2730","Nurse"
"Md-000379","male","Michelle","Henson","(806) 445-3330","Nurse"
"Md-000380","female","Stevens","Porter","(917) 421-3394","Nurse"
"Md-000381","male","Osborn","King","(965) 442-2308","Nurse"
"Md-000382","male","Schneider","Brennan","(976) 564-3298","Nurse"
"Md-000383","male","Samantha","Booker","(985) 549-3873","Nurse"
"Md-000384","female","Marylou","Bowers","(988) 563-2883","Nurse"
"Md-000385","female","Roman","Meyers","(977) 591-2313","Nurse"
"Md-000386","male","Santana","Barrera","(801) 434-2378","Nurse"
"Md-000387","male","Dodson","Stout","(966) 454-2280","Nurse"
"Md-000388","male","Clayton","Leblanc","(973) 466-2112","Nurse"
"Md-000389","male","Sheila","Holcomb","(898) 465-2485","Nurse"
"Md-000390","female","Rosemarie","Crane","(960) 441-3867","Nurse"
"Md-000391","female","Thornton","Lyons","(970) 540-3814","Nurse"
"Md-000392","male","Kimberly","Barker","(827) 545-3903","Nurse"
"Md-000393","female","Randall","Hughes","(804) 456-2514","Nurse"
"Md-000394","male","Deidre","Nichols","(971) 580-2991","Nurse"
"Md-000395","female","Garrett","Rivers","(910) 495-3086","Nurse"
"Md-000396","male","Carney","Cohen","(932) 520-2505","Nurse"
"Md-000397","male","Castillo","Sawyer","(934) 489-3804","Nurse"
"Md-000398","male","Bettie","Brock","(975) 468-2931","Nurse"
"Md-000399","female","Sara","Oneil","(865) 482-2561","Nurse"
"Md-000400","female","Lynn","Schroeder","(983) 490-3745","Doctor"
"Md-000401","male","Ramsey","Morse","(945) 569-3146","Doctor"
"Md-000402","male","Buckner","Orr","(857) 586-3731","Doctor"
"Md-000403","male","Dorthy","Cooke","(902) 486-3016","Doctor"
"Md-000404","female","Solis","Cervantes","(916) 573-3959","Doctor"
"Md-000405","male","Daniels","Phillips","(888) 506-3491","Doctor"
"Md-000406","male","Meyers","Oneal","(944) 449-2931","Doctor"
"Md-000407","male","Sadie","Larson","(833) 445-2963","Doctor"
"Md-000408","female","Lynne","Welch","(852) 463-3084","Doctor"
"Md-000409","female","Jill","Davidson","(953) 558-3446","Doctor"
"Md-000410","female","Crane","Coffey","(833) 565-3128","Doctor"
"Md-000411","male","Boone","Alston","(813) 496-3898","Doctor"
"Md-000412","male","Burnett","Richardson","(994) 575-2309","Doctor"
"Md-000413","male","Rollins","Kent","(819) 409-2926","Doctor"
"Md-000414","male","Neva","Shaw","(831) 519-3104","Doctor"
"Md-000415","female","Phyllis","Bruce","(863) 510-2596","Doctor"
"Md-000416","female","Franco","Thomas","(965) 513-2666","Doctor"
"Md-000417","male","Brenda","Wall","(929) 483-2365","Doctor"
"Md-000418","female","Pace","Pope","(816) 573-2944","Doctor"
"Md-000419","male","Lilian","Andrews","(875) 522-3281","Doctor"
"Md-000420","female","Julia","Mcclure","(923) 544-3269","Doctor"
"Md-000421","female","Myra","Hull","(831) 583-3532","Doctor"
"Md-000422","female","Galloway","Hammond","(863) 530-3901","Doctor"
"Md-000423","male","Acosta","Vega","(855) 406-3133","Doctor"
"Md-000424","male","Cathy","Blake","(875) 489-2258","Doctor"
"Md-000425","female","Queen","Fowler","(983) 493-2579","Doctor"
"Md-000426","female","Lily","Michael","(959) 583-2642","Doctor"
"Md-000427","female","Hillary","Ferguson","(813) 446-2349","Doctor"
"Md-000428","female","Latisha","Fuller","(848) 588-3645","Doctor"
"Md-000429","female","Fanny","Weeks","(835) 561-2764","Doctor"
"Md-000430","female","Eunice","Chapman","(801) 545-3268","Doctor"
"Md-000431","female","Della","Klein","(997) 570-2774","Doctor"
"Md-000432","female","Tabatha","Moon","(805) 447-3228","Doctor"
"Md-000433","female","Claudette","Christensen","(858) 507-3563","Doctor"
"Md-000434","female","Ella","Espinoza","(802) 415-2144","Doctor"
"Md-000435","female","Mccoy","Aguirre","(865) 534-2141","Doctor"
"Md-000436","male","Newton","Malone","(868) 518-3593","Doctor"
"Md-000437","male","Richard","Talley","(979) 467-2535","Doctor"
"Md-000438","male","Leblanc","Goff","(822) 510-2325","Doctor"
"Md-000439","male","Helena","Patel","(903) 467-2296","Doctor"
"Md-000440","female","Bette","Lambert","(826) 535-3628","Doctor"
"Md-000441","female","Ericka","Russell","(956) 509-3489","Doctor"
"Md-000442","female","Molina","England","(925) 531-2626","Doctor"
"Md-000443","male","Campos","Silva","(889) 488-2773","Doctor"
"Md-000444","male","Aurora","Carpenter","(945) 499-2272","Doctor"
"Md-000445","female","Alberta","Huber","(911) 568-3318","Doctor"
"Md-000446","female","Hattie","Workman","(812) 567-2428","Doctor"
"Md-000447","female","Edwards","Owen","(900) 543-2682","Doctor"
"Md-000448","male","Audrey","Santos","(817) 559-3665","Doctor"
"Md-000449","female","Erickson","Cardenas","(884) 514-2907","Doctor"
"Md-000450","male","Lakisha","Ford","(958) 537-3117","Doctor"
"Md-000451","female","Mccall","Lancaster","(879) 562-3804","Doctor"
"Md-000452","male","Leticia","Chandler","(973) 525-2979","Doctor"
"Md-000453","female","Reid","Stuart","(978) 527-3303","Doctor"
"Md-000454","male","Langley","Flowers","(917) 455-3925","Doctor"
"Md-000455","male","Margaret","Fitzpatrick","(904) 593-3930","Doctor"
"Md-000456","female","Elvira","Suarez","(864) 596-2228","Doctor"
"Md-000457","female","Pam","Chavez","(995) 590-3193","Doctor"
"Md-000458","female","Ernestine","Sweet","(880) 504-2637","Doctor"
"Md-000459","female","Marissa","Santiago","(899) 400-3423","Doctor"
"Md-000460","female","Pena","Merritt","(999) 464-3680","Doctor"
"Md-000461","male","Mckinney","Hogan","(925) 566-3745","Doctor"
"Md-000462","male","Valeria","Tucker","(897) 439-2694","Doctor"
"Md-000463","female","Wood","Jenkins","(851) 463-3377","Doctor"
"Md-000464","male","Elizabeth","Perkins","(928) 490-3351","Doctor"
"Md-000465","female","Welch","Bray","(809) 592-2385","Doctor"
"Md-000466","male","Fleming","Hoffman","(881) 525-2048","Doctor"
"Md-000467","male","Turner","Raymond","(872) 595-2614","Doctor"
"Md-000468","male","Emerson","Chang","(861) 575-3748","Doctor"
"Md-000469","male","Katrina","Rogers","(892) 516-3867","Doctor"
"Md-000470","female","Chan","Douglas","(970) 551-3666","Doctor"
"Md-000471","male","Barbara","Benjamin","(887) 577-3753","Doctor"
"Md-000472","female","Rosa","Dawson","(837) 516-2960","Doctor"
"Md-000473","female","Corine","Boyer","(977) 410-3563","Doctor"
"Md-000474","female","Beulah","Lang","(900) 582-2973","Doctor"
"Md-000475","female","Marla","Hatfield","(913) 412-2447","Doctor"
"Md-000476","female","Kelley","Monroe","(854) 541-3788","Doctor"
"Md-000477","male","Laura","Cochran","(868) 431-2826","Doctor"
"Md-000478","female","Erika","Bentley","(826) 538-3128","Doctor"
"Md-000479","female","Trina","Harrington","(816) 591-2014","Doctor"
"Md-000480","female","Phelps","Reeves","(944) 571-2557","Doctor"
"Md-000481","male","Lori","Sexton","(956) 580-2929","Doctor"
"Md-000482","female","Dillon","Carr","(855) 520-3489","Doctor"
"Md-000483","male","Beth","Knapp","(872) 474-3391","Doctor"
"Md-000484","female","Weber","Randall","(964) 558-2733","Doctor"
"Md-000485","male","Cline","Howard","(937) 503-3729","Doctor"
"Md-000486","male","Wynn","Foley","(870) 587-2528","Doctor"
"Md-000487","male","Ortiz","Franklin","(993) 403-2806","Doctor"
"Md-000488","male","Meadows","Huff","(890) 571-2313","Doctor"
"Md-000489","male","Vaughan","Roach","(818) 425-3673","Doctor"
"Md-000490","male","Hayden","Keller","(876) 450-2231","Doctor"
"Md-000491","male","Ann","Ortega","(984) 478-2266","Doctor"
"Md-000492","female","Jane","Daniel","(836) 460-2045","Doctor"
"Md-000493","female","Velma","Bush","(996) 491-3399","Doctor"
"Md-000494","female","Autumn","Richards","(905) 409-2991","Doctor"
"Md-000495","female","Amelia","Bullock","(800) 554-3001","Doctor"
"Md-000496","female","Britney","Mcgee","(986) 481-2444","Doctor"
"Md-000497","female","Sophia","Bauer","(856) 528-3246","Doctor"
"Md-000498","female","Mejia","Gates","(849) 558-2618","Doctor"
"Md-000499","male","Holder","Mullen","(858) 409-2293","Doctor"
"Md-000500","male","Flora","Morin","(837) 404-2350","Nurse"
"Md-000501","female","Sheppard","Stone","(875) 569-2524","Nurse"
"Md-000502","male","Trisha","Dillard","(938) 496-2695","Nurse"
"Md-000503","female","Morgan","Lopez","(922) 458-2506","Nurse"
"Md-000504","male","Crosby","Fields","(813) 447-2841","Nurse"
"Md-000505","male","Wiley","Marshall","(920) 441-2847","Nurse"
"Md-000506","male","Eloise","Woods","(985) 416-2567","Nurse"
"Md-000507","female","Guerra","Summers","(885) 479-3418","Nurse"
"Md-000508","male","Sheryl","Gonzales","(879) 477-3936","Nurse"
"Md-000509","female","Hester","Cooper","(851) 554-3690","Nurse"
"Md-000510","male","Clarice","Oliver","(973) 545-2876","Nurse"
"Md-000511","female","Townsend","Donaldson","(920) 585-3670","Nurse"
"Md-000512","male","Staci","Sykes","(856) 486-3725","Nurse"
"Md-000513","female","Mcdonald","Berg","(820) 458-2499","Nurse"
"Md-000514","male","Ashlee","Fernandez","(942) 454-3622","Nurse"
"Md-000515","female","Avila","Hanson","(911) 495-2734","Nurse"
"Md-000516","male","Cooper","Ochoa","(980) 411-3547","Nurse"
"Md-000517","male","Michele","Carter","(827) 449-3201","Nurse"
"Md-000518","female","Knox","Cain","(940) 442-3519","Nurse"
"Md-000519","male","Miriam","Rodgers","(891) 520-3559","Nurse"
"Md-000520","female","Monica","Weber","(921) 472-2895","Nurse"
"Md-000521","female","Swanson","Blair","(953) 457-2519","Nurse"
"Md-000522","male","Katie","Parker","(950) 595-3666","Nurse"
"Md-000523","female","Leonor","Campbell","(805) 589-2261","Nurse"
"Md-000524","female","Jordan","Dudley","(909) 485-2970","Nurse"
"Md-000525","female","Gertrude","Williams","(860) 501-3214","Nurse"
"Md-000526","female","Patty","Hopper","(893) 543-2757","Nurse"
"Md-000527","female","Scott","Mcguire","(937) 482-3667","Nurse"
"Md-000528","male","Brandie","Blackwell","(978) 487-3010","Nurse"
"Md-000529","female","Cherry","Chen","(836) 520-2279","Nurse"
"Md-000530","female","Lee","Moreno","(983) 421-3657","Nurse"
"Md-000531","female","Cobb","Macias","(974) 447-2669","Nurse"
"Md-000532","male","Phoebe","Sloan","(917) 570-2526","Nurse"
"Md-000533","female","Cantu","Sears","(825) 407-3163","Nurse"
"Md-000534","male","Mccormick","Hopkins","(990) 416-3871","Nurse"
"Md-000535","male","Adrian","Higgins","(906) 407-2962","Nurse"
"Md-000536","female","Eve","Glenn","(818) 534-3381","Nurse"
"Md-000537","female","June","Trevino","(988) 555-2977","Nurse"
"Md-000538","female","Brandi","Blackburn","(844) 484-3824","Nurse"
"Md-000539","female","Simpson","Simon","(987) 454-3750","Nurse"
"Md-000540","male","Jeanie","Gould","(906) 555-3913","Nurse"
"Md-000541","female","Sampson","Horne","(936) 434-2655","Nurse"
"Md-000542","male","Bettye","Briggs","(986) 508-3041","Nurse"
"Md-000543","female","Lowe","Garrison","(883) 468-2152","Nurse"
"Md-000544","male","Rosie","Richmond","(868) 421-2670","Nurse"
"Md-000545","female","Holmes","Mathews","(827) 576-2273","Nurse"
"Md-000546","male","Hebert","Mcleod","(878) 594-3839","Nurse"
"Md-000547","male","Freeman","Robertson","(938) 421-2413","Nurse"
"Md-000548","male","Dolly","Berger","(869) 418-2359","Nurse"
"Md-000549","female","Fletcher","Cash","(815) 485-2209","Nurse"
"Md-000550","male","Tina","Potter","(885) 441-3251","Nurse"
"Md-000551","female","Christian","Knowles","(868) 489-2478","Nurse"
"Md-000552","male","Marion","Cruz","(920) 499-3716","Nurse"
"Md-000553","female","Nash","Mayo","(875) 488-2524","Nurse"
"Md-000554","male","Maura","Jackson","(845) 557-2536","Nurse"
"Md-000555","female","Blanchard","Williamson","(987) 448-2450","Nurse"
"Md-000556","male","Latonya","Hart","(991) 480-3091","Nurse"
"Md-000557","female","Brigitte","Bartlett","(816) 448-3756","Nurse"
"Md-000558","female","Sweeney","Curtis","(900) 525-3480","Nurse"
"Md-000559","male","Mcconnell","Noble","(939) 526-3643","Nurse"
"Md-000560","male","Irma","Dennis","(968) 576-2570","Nurse"
"Md-000561","female","Wolf","Henderson","(826) 565-2456","Nurse"
"Md-000562","male","Dotson","Alvarado","(993) 481-3430","Nurse"
"Md-000563","male","Noemi","Shaffer","(895) 514-2626","Nurse"
"Md-000564","female","Odom","Jefferson","(838) 475-2435","Nurse"
"Md-000565","male","Hicks","Le","(949) 477-3760","Nurse"
"Md-000566","male","Vasquez","Clayton","(851) 561-2917","Nurse"
"Md-000567","male","Monroe","Burgess","(991) 401-3345","Nurse"
"Md-000568","male","Corinne","Snider","(982) 422-2582","Nurse"
"Md-000569","female","Owen","House","(848) 532-2110","Nurse"
"Md-000570","male","Jodi","Winters","(973) 524-3520","Nurse"
"Md-000571","female","Allison","Abbott","(877) 532-2479","Nurse"
"Md-000572","female","Freida","Parsons","(915) 583-3329","Nurse"
"Md-000573","female","Laurel","Valenzuela","(845) 443-2802","Nurse"
"Md-000574","female","Alisa","Crosby","(917) 595-2061","Nurse"
"Md-000575","female","Elma","Whitfield","(987) 526-3446","Nurse"
"Md-000576","female","Mays","Reyes","(844) 507-3440","Nurse"
"Md-000577","male","William","Watson","(932) 567-3603","Nurse"
"Md-000578","male","Rosalie","Leonard","(894) 494-3870","Nurse"
"Md-000579","female","Wiggins","Holland","(885) 405-3539","Nurse"
"Md-000580","male","Black","Franco","(812) 401-3669","Nurse"
"Md-000581","male","Sweet","Browning","(872) 567-3589","Nurse"
"Md-000582","male","Wolfe","Mueller","(976) 567-2817","Nurse"
"Md-000583","male","Lucas","Kane","(890) 554-3071","Nurse"
"Md-000584","male","Meredith","Harmon","(913) 458-2414","Nurse"
"Md-000585","female","Vonda","Ware","(921) 441-2497","Nurse"
"Md-000586","female","Stewart","Knox","(861) 410-3535","Nurse"
"Md-000587","male","Lloyd","Lloyd","(912) 556-2815","Nurse"
"Md-000588","male","Shields","Allison","(899) 516-2170","Nurse"
"Md-000589","male","Ware","Mclaughlin","(959) 555-2999","Nurse"
"Md-000590","male","Carole","Marks","(808) 498-2247","Nurse"
"Md-000591","female","Faith","Kim","(991) 429-2077","Nurse"
"Md-000592","female","Robin","Landry","(913) 409-3690","Nurse"
"Md-000593","female","Perkins","Kline","(928) 511-3127","Nurse"
"Md-000594","male","Montoya","Lawson","(862) 504-3987","Nurse"
"Md-000595","male","Romero","Contreras","(928) 567-2565","Nurse"
"Md-000596","male","Elise","Johns","(822) 543-3328","Nurse"
"Md-000597","female","Spears","Barry","(808) 544-2362","Nurse"
"Md-000598","male","Mollie","Boyle","(990) 420-3953","Nurse"
"Md-000599","female","Wade","Sanchez","(998) 575-2790","Nurse"
"Md-000600","male","Cook","Pitts","(990) 479-2873","Doctor"
"Md-000601","male","Felecia","Melendez","(929) 405-3832","Doctor"
"Md-000602","female","Angela","Schwartz","(944) 400-2556","Doctor"
"Md-000603","female","Sullivan","Walsh","(949) 436-2770","Doctor"
"Md-000604","male","Hilary","Castaneda","(956) 522-3839","Doctor"
"Md-000605","female","Marci","Burns","(878) 482-2165","Doctor"
"Md-000606","female","Dena","Martin","(904) 592-2267","Doctor"
"Md-000607","female","Velez","Faulkner","(847) 445-2476","Doctor"
"Md-000608","male","Emily","Conrad","(866) 577-3787","Doctor"
"Md-000609","female","Berger","Buckner","(828) 547-2076","Doctor"
"Md-000610","male","Ferguson","Mcmillan","(828) 512-2026","Doctor"
"Md-000611","male","Becky","Jones","(883) 439-3192","Doctor"
"Md-000612","female","Yvette","Stephenson","(893) 430-3369","Doctor"
"Md-000613","female","Finley","Dixon","(856) 476-3980","Doctor"
"Md-000614","male","Nannie","Dyer","(828) 515-2284","Doctor"
"Md-000615","female","Tate","Thompson","(945) 470-3311","Doctor"
"Md-000616","male","Garcia","Wolfe","(994) 471-3844","Doctor"
"Md-000617","male","Lucille","Hinton","(951) 403-3277","Doctor"
"Md-000618","female","Cain","Duran","(845) 599-2015","Doctor"
"Md-000619","male","Leach","Bradley","(916) 445-3633","Doctor"
"Md-000620","male","Giles","Dominguez","(821) 411-2116","Doctor"
"Md-000621","male","Melody","Aguilar","(835) 580-3319","Doctor"
"Md-000622","female","Sonia","Langley","(823) 573-2185","Doctor"
"Md-000623","female","Leon","Barber","(845) 568-2854","Doctor"
"Md-000624","male","Paula","Fuentes","(930) 519-2529","Doctor"
"Md-000625","female","Carey","Edwards","(996) 483-2378","Doctor"
"Md-000626","male","Caroline","Martinez","(934) 560-2742","Doctor"
"Md-000627","female","Kellie","Mccall","(942) 546-3073","Doctor"
"Md-000628","female","Bennett","Roman","(879) 524-3769","Doctor"
"Md-000629","male","Wells","Mccarty","(989) 551-3020","Doctor"
"Md-000630","male","White","Gamble","(931) 405-3172","Doctor"
"Md-000631","male","Roxie","Joseph","(943) 550-2627","Doctor"
"Md-000632","female","James","Beasley","(915) 481-2754","Doctor"
"Md-000633","male","Mia","Goodwin","(928) 534-3402","Doctor"
"Md-000634","female","Pearson","Ellison","(801) 546-2120","Doctor"
"Md-000635","male","Deena","Valencia","(909) 500-3105","Doctor"
"Md-000636","female","Marcia","Macdonald","(806) 448-2593","Doctor"
"Md-000637","female","Burris","Davenport","(823) 493-2800","Doctor"
"Md-000638","male","Kramer","Steele","(836) 592-2392","Doctor"
"Md-000639","male","Eula","Cherry","(813) 573-2676","Doctor"
"Md-000640","female","Noble","Ortiz","(973) 553-2157","Doctor"
"Md-000641","male","Francis","Pollard","(900) 521-3928","Doctor"
"Md-000642","female","Carol","Guthrie","(948) 493-3377","Doctor"
"Md-000643","female","Selena","Goodman","(837) 508-3884","Doctor"
"Md-000644","female","Isabel","Gentry","(830) 445-3325","Doctor"
"Md-000645","female","Hunt","Hardy","(997) 426-2108","Doctor"
"Md-000646","male","Tammie","Craig","(901) 576-2587","Doctor"
"Md-000647","female","Diana","Nicholson","(852) 434-3227","Doctor"
"Md-000648","female","Maureen","Hurley","(893) 482-2046","Doctor"
"Md-000649","female","Peterson","Conway","(900) 402-3120","Doctor"
"Md-000650","male","Heath","Pennington","(949) 570-2350","Doctor"
"Md-000651","male","Merle","Hutchinson","(926) 460-2259","Doctor"
"Md-000652","female","Kristen","Kramer","(941) 451-2909","Doctor"
"Md-000653","female","Sonya","Rush","(929) 596-2982","Doctor"
"Md-000654","female","Norma","Wilkins","(999) 513-3667","Doctor"
"Md-000655","female","Shelly","Golden","(929) 452-2987","Doctor"
"Md-000656","female","Deanne","Mercado","(983) 481-2732","Doctor"
"Md-000657","female","Janice","Little","(841) 410-3708","Doctor"
"Md-000658","female","Guzman","Bonner","(941) 483-2268","Doctor"
"Md-000659","male","Sofia","Hobbs","(949) 508-2405","Doctor"
"Md-000660","female","Horn","Sherman","(858) 494-3264","Doctor"
"Md-000661","male","Erna","Hyde","(872) 417-3835","Doctor"
"Md-000662","female","Terra","Barr","(873) 588-3819","Doctor"
"Md-000663","female","Rivas","Mcfadden","(984) 512-2270","Doctor"
"Md-000664","male","Mills","Bender","(901) 429-3400","Doctor"
"Md-000665","male","Lucile","Nash","(918) 552-2297","Doctor"
"Md-000666","female","Willa","Norton","(972) 431-3348","Doctor"
"Md-000667","female","Georgia","Bradford","(925) 453-2473","Doctor"
"Md-000668","female","Kari","Reed","(831) 441-2444","Doctor"
"Md-000669","female","Alta","Hubbard","(951) 571-2053","Doctor"
"Md-000670","female","Lynda","West","(951) 449-2911","Doctor"
"Md-000671","female","Claudine","Blanchard","(964) 400-2720","Doctor"
"Md-000672","female","Mitzi","Brewer","(996) 461-2095","Doctor"
"Md-000673","female","Shirley","Morales","(992) 425-2903","Doctor"
"Md-000674","female","Bradford","Tran","(991) 408-2978","Doctor"
"Md-000675","male","Dina","Mays","(907) 556-2823","Doctor"
"Md-000676","female","Natalie","Miranda","(895) 426-3112","Doctor"
"Md-000677","female","Hendrix","Peck","(881) 482-3545","Doctor"
"Md-000678","male","Vaughn","Rowland","(860) 489-3105","Doctor"
"Md-000679","male","Cotton","Francis","(921) 411-3373","Doctor"
"Md-000680","male","Arnold","Mckay","(905) 542-3112","Doctor"
"Md-000681","male","Hayes","Wilkerson","(975) 500-2721","Doctor"
"Md-000682","male","Loretta","Hartman","(853) 450-2277","Doctor"
"Md-000683","female","Goff","Mathis","(969) 566-2172","Doctor"
"Md-000684","male","Blair","Montgomery","(881) 423-2044","Doctor"
"Md-000685","male","Browning","Pearson","(935) 573-2969","Doctor"
"Md-000686","male","Marietta","Holmes","(951) 401-3893","Doctor"
"Md-000687","female","Candice","Byrd","(958) 403-3857","Doctor"
"Md-000688","female","Snyder","Potts","(944) 531-3494","Doctor"
"Md-000689","male","Sharp","Haney","(805) 534-3575","Doctor"
"Md-000690","male","Kerr","Hodge","(868) 468-3037","Doctor"
"Md-000691","male","Shepard","Lott","(879) 599-3560","Doctor"
"Md-000692","male","Cross","Wheeler","(882) 450-3793","Doctor"
"Md-000693","male","Leann","Yates","(825) 411-2429","Doctor"
"Md-000694","female","Rosanne","Reese","(909) 439-3363","Doctor"
"Md-000695","female","Heidi","Smith","(938) 570-2930","Doctor"
"Md-000696","female","Austin","Terrell","(815) 557-3718","Doctor"
"Md-000697","male","Gould","Slater","(829) 497-3258","Doctor"
"Md-000698","male","Addie","Hines","(988) 443-3795","Doctor"
"Md-000699","female","Melva","Russo","(815) 458-2829","Doctor"
"Md-000700","female","Jenny","Figueroa","(887) 515-2452","Nurse"
"Md-000701","female","Greta","Tillman","(902) 448-3621","Nurse"
"Md-000702","female","Desiree","Fleming","(999) 543-2902","Nurse"
"Md-000703","female","Rhodes","Watkins","(997) 507-2345","Nurse"
"Md-000704","male","Nellie","Chan","(962) 496-3376","Nurse"
"Md-000705","female","Fischer","Pate","(851) 409-3072","Nurse"
"Md-000706","male","Jacquelyn","Alexander","(857) 494-3186","Nurse"
"Md-000707","female","Estella","Sharp","(877) 400-2251","Nurse"
"Md-000708","female","Imogene","Walter","(837) 453-3932","Nurse"
"Md-000709","female","Gentry","Gillespie","(927) 534-3080","Nurse"
"Md-000710","male","Donna","Myers","(987) 526-2080","Nurse"
"Md-000711","female","Daphne","Osborne","(913) 495-3303","Nurse"
"Md-000712","female","Nelson","Combs","(851) 465-2794","Nurse"
"Md-000713","male","Johns","Ross","(855) 411-3841","Nurse"
"Md-000714","male","Kristie","Craft","(893) 596-2035","Nurse"
"Md-000715","female","Deana","Frost","(876) 419-3813","Nurse"
"Md-000716","female","Geraldine","Mann","(824) 447-2601","Nurse"
"Md-000717","female","Shaffer","Rocha","(986) 487-2279","Nurse"
"Md-000718","male","Lou","Flores","(864) 462-2287","Nurse"
"Md-000719","female","Shanna","Schultz","(869) 500-3287","Nurse"
"Md-000720","female","Humphrey","Kinney","(848) 413-3241","Nurse"
"Md-000721","male","Gallagher","Frye","(805) 589-2382","Nurse"
"Md-000722","male","Ross","Preston","(807) 588-3598","Nurse"
"Md-000723","male","Janna","Vaughan","(809) 560-2996","Nurse"
"Md-000724","female","Taylor","Duke","(994) 542-3161","Nurse"
"Md-000725","male","Campbell","Bell","(910) 481-3133","Nurse"
"Md-000726","male","Nikki","Oneill","(892) 443-2603","Nurse"
"Md-000727","female","Moses","Carney","(868) 547-2070","Nurse"
"Md-000728","male","Rich","Warner","(958) 590-2672","Nurse"
"Md-000729","male","Gilda","Riggs","(930) 448-2519","Nurse"
"Md-000730","female","Rocha","Saunders","(926) 478-3202","Nurse"
"Md-000731","male","Geneva","Ewing","(925) 441-3064","Nurse"
"Md-000732","female","Le","Zimmerman","(910) 430-2557","Nurse"
"Md-000733","male","Lupe","Pickett","(808) 437-2512","Nurse"
"Md-000734","female","Paige","Mcdowell","(947) 563-3585","Nurse"
"Md-000735","female","Duran","Miles","(848) 524-3117","Nurse"
"Md-000736","male","Lenora","Evans","(817) 473-2059","Nurse"
"Md-000737","female","Peck","Bradshaw","(896) 401-3798","Nurse"
"Md-000738","male","Hazel","Graham","(817) 475-2107","Nurse"
"Md-000739","female","Wendi","Travis","(852) 404-2941","Nurse"
"Md-000740","female","Isabelle","Frederick","(854) 512-3450","Nurse"
"Md-000741","female","Vega","Mcdaniel","(974) 408-3460","Nurse"
"Md-000742","male","Stanton","Kaufman","(995) 495-3247","Nurse"
"Md-000743","male","Tanisha","Washington","(936) 500-3716","Nurse"
"Md-000744","female","Nona","Trujillo","(821) 534-3439","Nurse"
"Md-000745","female","Rhonda","Ryan","(808) 551-2765","Nurse"
"Md-000746","female","Gordon","Reilly","(999) 588-3005","Nurse"
"Md-000747","male","Stacie","Moran","(968) 598-2962","Nurse"
"Md-000748","female","Bruce","Lucas","(941) 582-2594","Nurse"
"Md-000749","male","Margery","May","(864) 552-2287","Nurse"
"Md-000750","female","Arlene","Finley","(999) 407-2167","Nurse"
"Md-000751","female","Georgette","Fletcher","(969) 528-2399","Nurse"
"Md-000752","female","Ethel","Clarke","(801) 537-2358","Nurse"
"Md-000753","female","Jewel","Mccarthy","(859) 508-2177","Nurse"
"Md-000754","female","Bowman","Best","(977) 531-2203","Nurse"
"Md-000755","male","Byers","Mcintyre","(991) 528-3170","Nurse"
"Md-000756","male","Tamera","Scott","(869) 442-2487","Nurse"
"Md-000757","female","Berta","Beard","(983) 443-3951","Nurse"
"Md-000758","female","Ollie","Acevedo","(885) 552-2757","Nurse"
"Md-000759","female","Colleen","Perry","(874) 437-3497","Nurse"
"Md-000760","female","David","Foster","(875) 469-3172","Nurse"
"Md-000761","male","Bobbi","Mckee","(954) 412-2584","Nurse"
"Md-000762","female","Munoz","Hernandez","(921) 476-3233","Nurse"
"Md-000763","male","Pollard","Mccullough","(813) 421-2740","Nurse"
"Md-000764","male","Palmer","Mcdonald","(992) 516-2140","Nurse"
"Md-000765","male","Leanne","Holman","(878) 506-3295","Nurse"
"Md-000766","female","Sexton","Moss","(996) 437-3194","Nurse"
"Md-000767","male","Florence","Parrish","(884) 438-3514","Nurse"
"Md-000768","female","Sallie","Horn","(800) 567-3333","Nurse"
"Md-000769","female","Jerry","Wilder","(928) 477-3753","Nurse"
"Md-000770","female","Nunez","Dickerson","(822) 415-2542","Nurse"
"Md-000771","male","Alfreda","Emerson","(991) 552-2904","Nurse"
"Md-000772","female","Snider","Rivas","(865) 429-3740","Nurse"
"Md-000773","male","Reed","Levine","(952) 579-2164","Nurse"
"Md-000774","male","Potts","Casey","(830) 491-3414","Nurse"
"Md-000775","male","Genevieve","Shannon","(889) 490-3669","Nurse"
"Md-000776","female","Ingrid","Kirby","(829) 558-3510","Nurse"
"Md-000777","female","Janine","Cantrell","(821) 563-2678","Nurse"
"Md-000778","female","Hartman","Price","(810) 459-3352","Nurse"
"Md-000779","male","Oneil","Prince","(861) 489-3871","Nurse"
"Md-000780","male","Rebecca","Cook","(803) 475-3988","Nurse"
"Md-000781","female","Hardin","Mcfarland","(898) 507-3393","Nurse"
"Md-000782","male","Laverne","Lamb","(816) 516-3217","Nurse"
"Md-000783","female","Alma","Clements","(858) 449-3418","Nurse"
"Md-000784","female","Burton","Rosales","(824) 534-3416","Nurse"
"Md-000785","male","Britt","Dean","(866) 443-3392","Nurse"
"Md-000786","male","Tracey","Gibbs","(814) 480-3322","Nurse"
"Md-000787","female","Berg","Chaney","(847) 585-3585","Nurse"
"Md-000788","male","Moreno","Beach","(929) 539-2543","Nurse"
"Md-000789","male","Hinton","Moody","(940) 562-2238","Nurse"
"Md-000790","male","Chang","Neal","(938) 599-3549","Nurse"
"Md-000791","male","Leigh","Norman","(999) 589-2370","Nurse"
"Md-000792","female","Kelly","Spears","(926) 534-2429","Nurse"
"Md-000793","female","Nelda","Mcgowan","(881) 441-3149","Nurse"
"Md-000794","female","Julie","Maldonado","(896) 524-2564","Nurse"
"Md-000795","female","Deirdre","Simpson","(984) 526-2221","Nurse"
"Md-000796","female","Helga","Vincent","(808) 556-2754","Nurse"
"Md-000797","female","Patterson","Camacho","(985) 560-3163","Nurse"
"Md-000798","male","Sherri","Chambers","(966) 413-3499","Nurse"
"Md-000799","female","Strickland","Houston","(810) 567-3979","Nurse"
"Md-000800","male","Jayne","Gomez","(901) 515-2585","Doctor"
"Md-000801","female","Bates","Molina","(930) 594-2993","Doctor"
"Md-000802","male","Milagros","Solis","(945) 497-3851","Doctor"
"Md-000803","female","Tracie","Koch","(860) 531-2926","Doctor"
"Md-000804","female","Roach","Olsen","(818) 510-2249","Doctor"
"Md-000805","male","Fannie","Lewis","(828) 494-3184","Doctor"
"Md-000806","female","Diane","Velazquez","(843) 496-3005","Doctor"
"Md-000807","female","Gwendolyn","Hensley","(932) 428-3202","Doctor"
"Md-000808","female","Marquita","Roberts","(965) 485-2150","Doctor"
"Md-000809","female","Brown","Mullins","(853) 510-3011","Doctor"
"Md-000810","male","Pennington","David","(872) 484-2097","Doctor"
"Md-000811","male","Ochoa","George","(907) 599-2642","Doctor"
"Md-000812","male","Natasha","Reid","(919) 591-2623","Doctor"
"Md-000813","female","Ryan","Cobb","(848) 498-2906","Doctor"
"Md-000814","male","Holloway","Stephens","(862) 494-2690","Doctor"
"Md-000815","male","Felicia","Garcia","(931) 556-3084","Doctor"
"Md-000816","female","Blankenship","Moses","(820) 525-3281","Doctor"
"Md-000817","male","Coleman","Odom","(957) 455-2666","Doctor"
"Md-000818","male","Long","Hill","(807) 494-3568","Doctor"
"Md-000819","male","Lesley","Sanders","(835) 479-3499","Doctor"
"Md-000820","female","Ida","Dodson","(898) 480-2418","Doctor"
"Md-000821","female","Shepherd","Duffy","(854) 476-2010","Doctor"
"Md-000822","male","Charmaine","Singleton","(911) 530-2760","Doctor"
"Md-000823","female","Lynnette","Pugh","(819) 505-3958","Doctor"
"Md-000824","female","Nichole","Woodard","(943) 446-2566","Doctor"
"Md-000825","female","Perry","Cotton","(883) 509-3260","Doctor"
"Md-000826","male","Tammy","Erickson","(829) 595-2909","Doctor"
"Md-000827","female","Judith","Mosley","(884) 538-3118","Doctor"
"Md-000828","female","Roy","Cortez","(944) 468-2782","Doctor"
"Md-000829","male","Pamela","Carey","(909) 589-2430","Doctor"
"Md-000830","female","Hester","Burks","(821) 542-3156","Doctor"
"Md-000831","female","Shauna","Gordon","(802) 446-2938","Doctor"
"Md-000832","female","Manning","Clay","(883) 597-3650","Doctor"
"Md-000833","male","Thelma","Dale","(978) 577-3998","Doctor"
"Md-000834","female","Lilia","Holden","(960) 591-2279","Doctor"
"Md-000835","female","Lowery","Stokes","(993) 511-2353","Doctor"
"Md-000836","male","Angelina","Cannon","(828) 505-3116","Doctor"
"Md-000837","female","Lester","Rojas","(830) 460-3317","Doctor"
"Md-000838","male","Karen","Warren","(915) 584-2234","Doctor"
"Md-000839","female","Graves","Navarro","(897) 539-3320","Doctor"
"Md-000840","male","Penny","Norris","(879) 596-2532","Doctor"
"Md-000841","female","Stacy","Haley","(951) 456-2779","Doctor"
"Md-000842","female","Virgie","Rose","(927) 566-3022","Doctor"
"Md-000843","female","Patrice","Walls","(919) 545-2805","Doctor"
"Md-000844","female","John","Knight","(912) 484-2708","Doctor"
"Md-000845","female","Ebony","Sheppard","(995) 510-3329","Doctor"
"Md-000846","female","Nadine","Lowery","(940) 517-3798","Doctor"
"Md-000847","female","Valenzuela","Hayden","(842) 488-2987","Doctor"
"Md-000848","male","Guy","Beck","(968) 426-3909","Doctor"
"Md-000849","male","Olivia","Cummings","(855) 537-3684","Doctor"
"Md-000850","female","Mildred","French","(956) 448-3044","Doctor"
"Md-000851","female","Emma","Griffith","(807) 518-2248","Doctor"
"Md-000852","female","Sandra","Conley","(979) 551-2830","Doctor"
"Md-000853","female","Lois","Snyder","(810) 496-3065","Doctor"
"Md-000854","female","Hale","Bowman","(935) 501-2214","Doctor"
"Md-000855","male","Preston","Wright","(886) 574-2189","Doctor"
"Md-000856","male","Jillian","Berry","(850) 456-2490","Doctor"
"Md-000857","female","Carey","Barnes","(867) 403-2237","Doctor"
"Md-000858","female","Sherry","Daugherty","(804) 581-3955","Doctor"
"Md-000859","female","Jewell","Sparks","(812) 593-2932","Doctor"
"Md-000860","female","Guadalupe","Huffman","(956) 521-3700","Doctor"
"Md-000861","female","Peggy","Rowe","(988) 422-3531","Doctor"
"Md-000862","female","Kim","Soto","(951) 569-3781","Doctor"
"Md-000863","male","Hernandez","Sellers","(990) 584-3491","Doctor"
"Md-000864","male","Annabelle","Eaton","(842) 543-3602","Doctor"
"Md-000865","female","Parks","Mccoy","(995) 577-2861","Doctor"
"Md-000866","male","Juana","Rhodes","(876) 595-3899","Doctor"
"Md-000867","female","Bethany","Savage","(942) 487-3439","Doctor"
"Md-000868","female","Dominique","Boyd","(922) 491-2485","Doctor"
"Md-000869","female","Corrine","Conner","(981) 490-2497","Doctor"
"Md-000870","female","Doris","Roberson","(858) 504-3474","Doctor"
"Md-000871","female","Nicholson","Jordan","(996) 450-3473","Doctor"
"Md-000872","male","Jo","Green","(965) 492-3724","Doctor"
"Md-000873","female","Rodriguez","Ingram","(942) 438-2654","Doctor"
"Md-000874","male","Jocelyn","Baldwin","(865) 488-3706","Doctor"
"Md-000875","female","Angelita","Doyle","(916) 463-2174","Doctor"
"Md-000876","female","Noel","Larsen","(998) 482-3257","Doctor"
"Md-000877","male","Osborne","William","(920) 554-2472","Doctor"
"Md-000878","male","Estrada","Collins","(850) 443-3838","Doctor"
"Md-000879","male","Carla","Odonnell","(995) 435-2796","Doctor"
"Md-000880","female","Barnett","Fox","(926) 430-2848","Doctor"
"Md-000881","male","Rene","Pratt","(825) 467-2595","Doctor"
"Md-000882","female","Sanders","Farrell","(848) 472-3285","Doctor"
"Md-000883","male","Marlene","Kelly","(831) 469-3863","Doctor"
"Md-000884","female","Hoover","Sosa","(950) 402-2063","Doctor"
"Md-000885","male","Jannie","Wise","(913) 480-3867","Doctor"
"Md-000886","female","Boyd","Fisher","(997) 508-3106","Doctor"
"Md-000887","male","Rice","Robles","(833) 456-3046","Doctor"
"Md-000888","male","English","Spencer","(946) 509-2912","Doctor"
"Md-000889","male","Hamilton","Ball","(881) 599-2091","Doctor"
"Md-000890","male","Camacho","Foreman","(916) 501-2321","Doctor"
"Md-000891","male","Fuller","Hicks","(840) 509-3467","Doctor"
"Md-000892","male","Robyn","Benson","(808) 506-2430","Doctor"
"Md-000893","female","Harvey","Hampton","(963) 447-3939","Doctor"
"Md-000894","male","Susana","Calhoun","(968) 484-3232","Doctor"
"Md-000895","female","Beatrice","Yang","(816) 407-2209","Doctor"
"Md-000896","female","Skinner","Fry","(846) 401-2774","Doctor"
"Md-000897","male","Melinda","Lynn","(850) 429-3715","Doctor"
"Md-000898","female","Marquez","Rodriquez","(904) 501-3070","Doctor"
"Md-000899","male","Dunlap","Case","(839) 571-2444","Doctor"
"Md-000900","male","Robert","Griffin","(966) 541-2000","Nurse"
"Md-000901","female","Krystal","Pierce","(879) 512-2575","Nurse"
"Md-000902","female","Judy","Mclean","(869) 530-2015","Nurse"
"Md-000903","female","Kidd","Montoya","(912) 539-3153","Nurse"
"Md-000904","male","Monique","Copeland","(973) 510-2685","Nurse"
"Md-000905","female","Mcdowell","Manning","(823) 538-3734","Nurse"
"Md-000906","male","Edith","Wilkinson","(905) 463-3887","Nurse"
"Md-000907","female","Ramona","Gallagher","(946) 558-2290","Nurse"
"Md-000908","female","Tommie","Herrera","(845) 570-2266","Nurse"
"Md-000909","female","Shannon","Christian","(938) 541-2978","Nurse"
"Md-000910","female","Kirk","Poole","(870) 592-3347","Nurse"
"Md-000911","male","Cornelia","Jennings","(953) 458-3237","Nurse"
"Md-000912","female","Knight","Rich","(814) 434-3228","Nurse"
"Md-000913","male","Inez","Mack","(959) 413-2135","Nurse"
"Md-000914","female","Morton","Joyce","(987) 477-2035","Nurse"
"Md-000915","male","Reynolds","Cunningham","(895) 419-3958","Nurse"
"Md-000916","male","Armstrong","Hays","(870) 455-2916","Nurse"
"Md-000917","male","Stacey","Puckett","(861) 553-3270","Nurse"
"Md-000918","female","Socorro","Cox","(831) 485-2327","Nurse"
"Md-000919","female","Miles","Hall","(905) 547-3450","Nurse"
"Md-000920","male","Madden","Becker","(976) 412-2857","Nurse"
"Md-000921","male","Hansen","Guerra","(972) 511-2561","Nurse"
"Md-000922","male","Bray","Obrien","(926) 451-3605","Nurse"
"Md-000923","male","Cummings","Luna","(873) 521-2618","Nurse"
"Md-000924","male","Allyson","Buchanan","(879) 442-2069","Nurse"
"Md-000925","female","Lauren","Lindsay","(983) 500-3283","Nurse"
"Md-000926","female","Burke","Webb","(816) 588-2014","Nurse"
"Md-000927","male","Merritt","Hoover","(990) 498-2893","Nurse"
"Md-000928","male","Angelique","Moore","(872) 449-2362","Nurse"
"Md-000929","female","Nora","Farley","(977) 462-3749","Nurse"
"Md-000930","female","Maryanne","Park","(956) 472-3873","Nurse"
"Md-000931","female","Nichols","Atkins","(846) 585-3296","Nurse"
"Md-000932","male","Christy","Everett","(881) 496-2705","Nurse"
"Md-000933","female","Myrtle","Lowe","(846) 440-2319","Nurse"
"Md-000934","female","Garza","Marsh","(833) 469-3012","Nurse"
"Md-000935","male","Villarreal","Kemp","(889) 419-2470","Nurse"
"Md-000936","male","Rasmussen","Sargent","(912) 553-3996","Nurse"
"Md-000937","male","Padilla","Day","(893) 412-2648","Nurse"
"Md-000938","male","Ines","Downs","(803) 554-3444","Nurse"
"Md-000939","female","Elnora","Cameron","(896) 432-2175","Nurse"
"Md-000940","female","Rose","Burton","(867) 529-3208","Nurse"
"Md-000941","male","Walton","Romero","(909) 555-2905","Nurse"
"Md-000942","male","Shelia","Hunt","(942) 433-3584","Nurse"
"Md-000943","female","Salazar","Wilcox","(896) 562-3738","Nurse"
"Md-000944","male","Whitley","Medina","(894) 558-3384","Nurse"
"Md-000945","male","Dee","Callahan","(862) 552-3144","Nurse"
"Md-000946","female","Craig","Dunn","(869) 508-3682","Nurse"
"Md-000947","male","Tyler","Burch","(925) 459-2327","Nurse"
"Md-000948","male","Rogers","Hood","(925) 530-3409","Nurse"
"Md-000949","male","Joanne","Frazier","(801) 405-2302","Nurse"
"Md-000950","female","Park","Barlow","(973) 417-2872","Nurse"
"Md-000951","male","Herrera","Schneider","(873) 593-3232","Nurse"
"Md-000952","male","Hilda","Hendrix","(977) 541-3537","Nurse"
"Md-000953","female","Katharine","Bennett","(936) 443-3059","Nurse"
"Md-000954","female","Maude","Shields","(993) 488-2137","Nurse"
"Md-000955","female","Perez","Stein","(952) 429-2780","Nurse"
"Md-000956","male","Sharron","Blevins","(961) 491-2769","Nurse"
"Md-000957","female","Quinn","Guy","(863) 530-2839","Nurse"
"Md-000958","male","Alison","Richard","(826) 488-3577","Nurse"
"Md-000959","female","Sheree","Barrett","(808) 563-2706","Nurse"
"Md-000960","female","Sharpe","Howell","(968) 554-2398","Nurse"
"Md-000961","male","Witt","Battle","(950) 591-3410","Nurse"
"Md-000962","male","Tonya","Rasmussen","(952) 424-3170","Nurse"
"Md-000963","female","Maricela","Cline","(843) 543-2318","Nurse"
"Md-000964","female","Jeannine","Whitley","(892) 546-3396","Nurse"
"Md-000965","female","Howard","Gardner","(908) 574-3936","Nurse"
"Md-000966","male","Wong","Love","(940) 516-2898","Nurse"
"Md-000967","male","Mabel","Patton","(950) 492-3278","Nurse"
"Md-000968","female","Chandra","Lara","(978) 444-3464","Nurse"
"Md-000969","female","Tessa","Gibson","(948) 479-2638","Nurse"
"Md-000970","female","Franklin","Mcconnell","(850) 469-2280","Nurse"
"Md-000971","male","Rachelle","Wilson","(902) 426-3501","Nurse"
"Md-000972","female","Jerri","Peterson","(870) 540-3082","Nurse"
"Md-000973","female","Burns","Munoz","(869) 563-2659","Nurse"
"Md-000974","male","Luann","Bryan","(928) 448-2300","Nurse"
"Md-000975","female","Vargas","Sanford","(873) 576-2952","Nurse"
"Md-000976","male","Waller","Buckley","(987) 528-2996","Nurse"
"Md-000977","male","Francesca","Rutledge","(894) 491-3537","Nurse"
"Md-000978","female","Santos","Gill","(934) 600-3751","Nurse"
"Md-000979","male","Hawkins","Bryant","(899) 577-3319","Nurse"
"Md-000980","male","Valerie","Stafford","(976) 585-3796","Nurse"
"Md-000981","female","Solomon","Ayala","(868) 477-2817","Nurse"
"Md-000982","male","Dana","Bass","(805) 475-3834","Nurse"
"Md-000983","female","Lucy","Maddox","(823) 498-2285","Nurse"
"Md-000984","female","Roseann","Ruiz","(856) 510-3685","Nurse"
"Md-000985","female","Hogan","Jimenez","(995) 493-3753","Nurse"
"Md-000986","male","Suarez","Hansen","(804) 548-2249","Nurse"
"Md-000987","male","Guerrero","Shelton","(809) 516-3955","Nurse"
"Md-000988","male","Obrien","Vazquez","(900) 511-2697","Nurse"
"Md-000989","male","Sparks","Bates","(886) 536-2900","Nurse"
"Md-000990","male","Kathy","Roy","(991) 508-2149","Nurse"
"Md-000991","female","Earlene","Mcneil","(812) 512-2402","Nurse"
"Md-000992","female","Alicia","Hodges","(902) 453-3409","Nurse"
"Md-000993","female","Collins","Short","(884) 415-2307","Nurse"
"Md-000994","male","Elisabeth","Baker","(910) 464-3567","Nurse"
"Md-000995","female","Eaton","Bishop","(945) 460-2584","Nurse"
"Md-000996","male","Grace","Harris","(926) 596-3675","Nurse"
"Md-000997","female","Tami","Small","(925) 577-3510","Nurse"
"Md-000998","female","Barry","Wade","(861) 559-3718","Nurse"
"Md-000999","male","Bridgett","Morris","(926) 471-3234","Nurse"
"Md-001000","female","Dale","Pittman","(923) 595-2967","Nurse"
