job,company,ssn,residence,blood_group,username,name,sex,address,mail,birthdate
Building surveyor,"Reid, Ferguson and Sanchez",474-49-4423,"Unit 8350 Box 3056
DPO AA 09176",AB-,laurahenderson,Anthony Rodriguez,M,"784 Erin Crescent Suite 514
Mooretown, VA 35023",williamrodriguez@hotmail.com,12/4/1946
"Runner, broadcasting/film/video","Gonzalez, Brooks and Martin",798-68-0010,"15430 Natalie Common Apt. 718
East Donna, GA 35242",O+,perezrebecca,Adrienne Zimmerman,F,"347 Amber Stream
Sanchezfort, MT 25458",davisryan@yahoo.com,4/5/1962
"Psychologist, sport and exercise","Brown, Valdez and Lucas",063-52-5560,"33872 White Mountain
Port Sandra, OH 13334",A+,smitchell,April Myers,F,"USCGC Moore
FPO AA 29035",rileyamy@hotmail.com,12/27/1948
Barista,Silva PLC,874-68-2580,"19136 Shelly Port
New Brooke, CO 55449",AB-,cheryl80,Brooke Bass,F,"124 Pamela Summit Apt. 449
Lake Matthew, SC 35101",dking@gmail.com,8/19/1992
Pharmacologist,Williams-Cook,134-82-4292,"680 Charles Spurs Apt. 805
South David, MN 05730",B-,kimberly63,Allison Doyle,F,"0733 Bailey View
East Andrew, MO 43526",michelle45@hotmail.com,8/21/1975
Office manager,"Zavala, Herrera and Crosby",119-34-2926,"19655 Obrien Pass Apt. 693
Bradleychester, NC 71076",O+,robertbentley,Michael Spencer,M,"946 Kevin Fords
Floydmouth, NV 58455",williamleon@hotmail.com,5/27/1929
Chartered accountant,Robertson-Schultz,344-12-3849,"20037 Stanley Roads
Lake Heather, MO 32480",A+,danderson,David Charles,M,"9868 Merritt Summit Suite 743
Katiehaven, SC 31859",scott43@yahoo.com,1/7/1952
IT consultant,"Miller, Hernandez and Reyes",157-91-3506,"8760 Marissa Loaf Apt. 967
West Kennethfurt, MT 71046",B-,fking,James Walton,M,"3100 James Brooks
East David, DE 74421",stevenscott@yahoo.com,2/21/1929
Trading standards officer,"Stuart, Higgins and Strickland",168-40-1772,"663 Brittany Village Apt. 149
Port Tonyaton, ND 56649",A-,karenhudson,Angelica Keith,F,"75273 Salinas Junctions Suite 948
New Stacyland, VA 53772",ppeters@hotmail.com,2/7/1971
Recycling officer,Mcguire-Davis,227-52-3987,"8856 Bell Motorway Suite 443
Lake Jamesville, ND 90962",B-,kvasquez,John Short,M,"29413 Angela Mall
Port Alexandra, NV 39475",ntorres@gmail.com,4/11/1989
Child psychotherapist,Garrett LLC,677-11-2574,"06797 Johnson Heights
Jacquelinemouth, TX 31096",B-,keyemily,Megan Valencia,F,"78742 Walters Overpass
South Michaelmouth, TN 14211",marksteele@yahoo.com,6/26/1996
Oncologist,"Johnson, Miller and King",119-99-6623,"876 Jacob Lake
Garrettton, KY 72488",O-,hillkristy,Katie Suarez,F,"44997 Sean Orchard Suite 588
Gibsonmouth, ID 91923",ashleyhall@yahoo.com,3/31/1912
"Investment banker, corporate","Kennedy, Mcintyre and James",680-84-2493,"89517 Alicia Motorway
Lake Douglasberg, NJ 35238",O+,wendy16,Cynthia Cohen,F,"Unit 1724 Box 0050
DPO AA 47485",ryan38@yahoo.com,5/1/1983
Education administrator,Thompson PLC,892-49-3946,"74740 Santana Springs
North Scott, OR 39711",AB+,xjohnson,Maria Parker,F,"5623 Kristin Wells
Alyssaview, GA 34182",scoffey@hotmail.com,5/28/1952
Colour technologist,Mccarty-Taylor,232-87-6512,"Unit 8516 Box 0481
DPO AA 48812",O+,qchavez,David Medina,M,"USCGC Matthews
FPO AP 20754",fpena@hotmail.com,11/7/1961
Health service manager,Vaughn and Sons,455-57-3869,"585 Raymond Field
Port Madisonland, IL 84610",A+,kristinacarlson,Robin Hall,F,"84210 Alexis Turnpike
New Mario, KS 07369",judyfox@hotmail.com,12/16/1914
Publishing copy,Strickland-Palmer,112-58-8255,"847 Bruce Neck
Simmonsville, VT 58639",AB-,uross,Stacy Gutierrez,F,"4527 Christopher Corner Apt. 615
New Brian, OH 43708",jenkinsmorgan@yahoo.com,6/11/2004
Arts development officer,Burke-Bell,592-65-3486,"15851 Andrews Valley Suite 899
New Sarahview, HI 36319",AB-,eric45,Cindy Barnes,F,"22901 Ramos Manors
Lawsonchester, IL 99452",reeddaniel@hotmail.com,8/25/1998
"Therapist, horticultural",Rose-Parker,226-51-9820,"3244 Wilson Parks
Thompsonfurt, VT 30662",AB-,sullivantammy,Michael Butler,M,"516 John Radial Suite 816
Juliebury, WI 22538",dixondaniel@hotmail.com,9/12/1932
Magazine journalist,Luna-Fuentes,835-19-3872,"29212 Marshall Port Suite 995
Edwardland, NV 83257",A+,wagnergerald,Steven Cooper,M,"8892 Watson Haven Suite 659
Port Crystalmouth, MA 12888",umitchell@hotmail.com,5/2/1988
Dealer,Miller-Alvarado,359-40-6422,"8652 Debbie Manors
Andrewport, IL 45292",B-,tarabishop,Amanda Diaz,F,"83473 Gregory Ports Suite 746
Burchborough, PA 18641",brett75@hotmail.com,4/8/1920
"Scientist, clinical (histocompatibility and immunogenetics)",Mitchell and Sons,280-58-8411,"37506 Randy Landing Apt. 615
North Lucas, VT 85692",B+,anaacosta,Alicia Lewis,F,"3410 Robert Underpass
Brownfort, ND 02655",jennifercarter@gmail.com,12/25/1989
Manufacturing engineer,Duncan and Sons,681-86-1403,"88888 Peter Mountains Apt. 654
West Kristinastad, VA 86628",AB-,sarah86,Rick Blackwell,M,"Unit 8740 Box 3450
DPO AP 44007",david56@yahoo.com,6/22/2007
Printmaker,Morgan-Lopez,709-64-6019,"PSC 8416, Box 1692
APO AP 39005",A-,thomascathy,Paul Moore,M,"13556 Cassie Springs
Rushstad, WV 10578",alyssasanders@hotmail.com,3/27/1944
Fisheries officer,Johnson and Sons,512-67-6341,"PSC 1447, Box 3947
APO AE 16575",O-,joelsnyder,Bryan Harris,M,"8291 Kyle Stravenue Suite 866
East Teresaland, NH 89644",david89@gmail.com,10/20/2010
"Conservation officer, nature",Shaw-Oneill,852-16-8489,"53584 John Roads
Davidport, ND 12746",B+,eevans,Eric Sanchez,M,"6773 Lawson Island
Jessicastad, DC 49068",floressteven@yahoo.com,7/1/1967
Firefighter,Davis LLC,394-79-6851,"9532 Ferrell Mountain
Kochfort, CO 52044",B-,michaelroberts,James Hudson,M,"499 David Court Suite 558
Kariborough, NY 53111",williamsderrick@yahoo.com,9/23/2015
Public relations account executive,"Bryant, Obrien and Robertson",336-79-5219,"588 Erickson Hills Suite 055
South Brandytown, NJ 35304",B-,alexanderrobert,Tiffany Rodriguez,F,"8970 April Points
Whitneyfort, MS 41625",stevepatel@hotmail.com,7/11/1954
"Geneticist, molecular","Washington, Bernard and Ramirez",306-29-4877,"757 Castro Underpass
Keithshire, ND 50268",B+,maldonadoderrick,Jennifer Love,F,"Unit 2677 Box 3454
DPO AP 08255",pearsonjesse@hotmail.com,9/21/2004
Applications developer,Butler and Sons,038-51-8117,"04991 Mitchell Row Suite 287
Jamesville, GA 96330",AB+,seanadams,David Green,M,"5301 Parker Lodge
Hannahport, RI 29448",susanmendoza@yahoo.com,1/28/2008
Trading standards officer,Perry-Dunn,483-97-8807,"91878 Miller Port
North Mariahaven, OK 70842",AB-,katiegood,Kaitlyn Mitchell MD,F,"6766 Felicia Shore Apt. 512
Ricebury, AL 99614",goodsteven@hotmail.com,5/28/1980
Photographer,"Gray, Hall and Murray",159-36-3089,"USS Johnson
FPO AP 55451",B-,barbara53,Donna Cabrera,F,"836 Hill Point
Lake Erika, NM 06646",shelly68@yahoo.com,1/27/2001
Pension scheme manager,Hernandez-Bennett,773-69-7759,"2708 Faulkner Point
South John, MA 85266",AB-,timothybooth,Pamela Ramsey,F,"31739 Randy Garden
Kimberlyfurt, ND 85530",kyle58@yahoo.com,9/24/1969
Chief Technology Officer,"Harrison, Franco and Rocha",380-41-6782,"204 Phillips Flat
Jerryshire, IA 65945",AB-,bruce97,Alexa Wagner,F,"88600 Nichols Heights
New Lisachester, HI 14527",warrenjohn@hotmail.com,12/16/1977
Forensic psychologist,Adams-Sanders,383-52-7521,"1016 Bennett Mountains
Lake Albertburgh, NM 57374",A-,alexis39,Justin Johnson,M,"42939 Rhodes Plains Suite 621
Brianchester, CA 45143",unovak@gmail.com,8/11/1992
Government social research officer,Henry-Kelly,385-56-3044,"94311 Moore Station Apt. 655
North Adamport, MN 35859",A-,josephadams,Carolyn James,F,"4647 Michael Gateway
Wheelerborough, CT 18259",adam65@hotmail.com,1/4/1958
Landscape architect,Cook-Ochoa,881-84-9739,"375 Tamara Island Suite 793
Nicholasfurt, DE 74406",B+,donna66,Charles Turner,M,"688 Stephens Turnpike Suite 891
Port Johnstad, SD 80805",hartdeanna@hotmail.com,9/11/1960
Learning disability nurse,Rodriguez-Garcia,228-66-8500,"5679 Michael Burg
Garciachester, CO 15714",AB+,zhall,Erin Simmons,F,"660 Shannon Meadow
Smithborough, KY 99109",raylauren@hotmail.com,10/2/1931
Medical secretary,Gonzalez-Wilson,687-63-8647,"Unit 5969 Box 6915
DPO AA 60513",AB+,baileyhenderson,Jorge Barnes,M,"274 Jacob Ville
Harveystad, NM 18396",lisamaynard@hotmail.com,3/11/1995
"Research officer, trade union",Cohen-Perry,861-57-8007,"40438 Jackson Mount
Dunnville, DE 35613",A+,mariopadilla,Kim Carlson,F,"126 Victoria Way Apt. 232
Mariafurt, FL 76185",courtney67@gmail.com,7/17/1992
Chief Financial Officer,Robertson-Ramirez,899-48-7450,"USNV Perkins
FPO AP 12709",AB-,rkramer,Kenneth Knight,M,"70127 Smith Meadow
Lake Regina, SD 40067",nancymcdowell@gmail.com,5/25/1995
Media planner,Miller-Beck,665-22-0849,"361 Aaron Neck Apt. 293
Smithmouth, DE 55854",A-,nbell,Alejandra Santos,F,"9731 Donald Crossing
Bellchester, WY 18828",joshuamiller@hotmail.com,2/7/1988
Tourism officer,"Lawson, Maxwell and Vaughn",869-85-4943,"640 Troy Creek
South Danielle, NC 02082",B+,collinssamuel,Jeanette Walters,F,"USNS Brown
FPO AE 57449",chavezchelsea@yahoo.com,12/16/1996
Economist,Smith and Sons,719-02-2685,"842 Martinez Tunnel Suite 105
Nelsonland, VT 76083",O-,margaret95,Jennifer Cortez,F,"38061 Cline Trail
Markside, AL 48855",kellymueller@hotmail.com,1/22/1991
Financial manager,Richardson-Bonilla,792-26-8955,"06038 Fields Square
West Aaronfurt, WA 95818",B-,danafoster,Paul Carpenter,M,"2344 Howe Lock
Louisview, CA 27070",kimberlyrichards@gmail.com,9/8/1920
"Development worker, international aid",Owens-Russell,549-46-3402,"1124 Jason Walks Suite 213
Randyton, ME 34601",O+,zunderwood,Amber Glass,F,"625 Rebekah Harbor Suite 720
Lake Kenneth, OH 63288",millerpatrick@yahoo.com,6/15/1933
Secondary school teacher,Mccoy PLC,814-03-6267,"8759 Price Falls Apt. 593
Port Kimberlyton, NJ 69894",B-,robin05,Emily Rojas,F,"USNS Hart
FPO AE 65018",gregory01@gmail.com,12/19/1937
Town planner,Smith Group,001-43-3301,"250 Dylan Squares Apt. 185
West Janetfurt, CT 44614",B+,xrosales,April Miles,F,"Unit 0295 Box 9391
DPO AA 18935",julie35@yahoo.com,2/26/1929
Chartered management accountant,"Santiago, Daniel and Rogers",012-34-3436,"4100 Kim Manor
South Trevor, MI 72069",O-,morgantricia,Benjamin Mcmahon,M,"PSC 0629, Box 6201
APO AA 27442",robertspencer@hotmail.com,10/26/1979
Geochemist,"Campbell, Young and Williams",586-71-8044,"61497 Collin Ford Apt. 417
West Kristenfort, TN 35235",O+,lindsey69,Mary Miller,F,"8687 Thomas Common
Orrton, OK 68241",davidtodd@gmail.com,1/21/1929
"Engineer, mining",Martinez Group,081-88-7134,"451 Paul Locks
Melissahaven, AL 92305",O+,natalie46,Ashlee Mitchell,F,"24629 Williams Isle Apt. 074
Andrewport, KY 64938",comptonjeremy@yahoo.com,7/12/2007
Probation officer,Adams-Butler,662-12-3080,"785 Zachary Estate Apt. 486
Port Melissa, OK 04295",B-,maldonadojohn,John Sanders,M,"79855 Mary Green Apt. 406
East Melissaborough, IN 85354",ericaadams@yahoo.com,3/1/1976
Advertising account planner,"Smith, Buck and Holland",616-02-3667,"466 Stevens Forge Suite 489
Silvatown, TN 49552",AB+,matthewreeves,Mr. Jason Price Jr.,M,"584 Mary Wells Apt. 417
Lake Jonathan, OH 24496",destiny35@gmail.com,8/5/2007
Information systems manager,French-Rivera,267-75-4818,"0999 Thomas Fields
Port Erinhaven, MT 07587",B-,zschultz,Pamela Miller,F,"0083 Dodson Islands Apt. 003
Lake Natalie, DC 13963",tgordon@gmail.com,3/12/1915
Armed forces technical officer,Fry-Bryant,533-77-8588,"7532 Smith Fork
East Jessica, NY 22650",A+,campbellkristen,Brian Higgins,M,"8356 Martin Plaza
Lozanofort, IA 00859",powersrebecca@hotmail.com,5/12/1997
"Research officer, political party",Herring PLC,077-93-1660,"PSC 3744, Box 7012
APO AE 38586",O+,watsonmatthew,Jeffrey Howell,M,"4676 Daniel Square Apt. 216
Phammouth, RI 50275",cheryl27@yahoo.com,9/5/1921
Paramedic,Williams-Green,322-02-8599,"588 Ryan Stream
South Michael, SD 50947",A+,andreagray,Wayne Williams,M,"7971 West Crest
Mcgeetown, MO 54547",hawkinsaaron@gmail.com,1/25/2014
Trade mark attorney,"Walsh, Wu and Hart",671-86-7475,"USNV Bryan
FPO AE 60067",O-,ylewis,Christina Martinez,F,"60917 Barrett Parkways Apt. 708
New Savannahshire, NY 23727",jessicaanderson@yahoo.com,10/18/1995
Tourism officer,"Andrade, Gordon and Cruz",624-89-4068,"7226 Cameron Plaza Suite 833
New Jennifer, MI 88630",B+,karenjohnson,Antonio Mueller,M,"838 Young Tunnel
Heatherton, MS 55101",tammy00@hotmail.com,7/7/1940
"Engineer, electrical","Melton, Dalton and Ramos",231-82-6026,"347 Tonya Club
East Jill, MS 05827",AB+,alicia28,Kenneth Howard,M,"8861 Walker Forest
Markport, WV 81540",wbarajas@hotmail.com,7/4/1907
Colour technologist,"Reed, Allen and May",637-32-0654,"1648 Johnson Path Suite 887
Williamsborough, NY 11294",A+,benjamin10,Brittany Stevens,F,"193 Russell Mission Suite 650
Nunezside, SD 94910",avilabrenda@hotmail.com,10/2/2021
"Buyer, industrial",Reilly-Rodriguez,806-88-4938,"6607 Amanda Dale Suite 842
Ericastad, OH 73255",A+,jackjensen,Maria Hunt,F,"90878 Kelly Cliff
Coreyshire, MA 47311",emilyyoung@yahoo.com,8/16/1990
Building control surveyor,Stewart Group,337-79-5009,"955 Jackson Island
Port Jeffrey, SD 57664",B+,rebeccaarnold,Lauren Hammond,F,"256 Patricia Radial Suite 278
South Michaeltown, IA 80983",katherinetaylor@gmail.com,9/9/1930
Systems developer,"Hopkins, Faulkner and Fitzgerald",496-46-0663,"14530 April Turnpike Suite 677
North Tinamouth, VT 68838",AB+,scotthall,Stephen Smith,M,"22259 Donna Mall Suite 177
Clarkburgh, MT 03443",bradleyberry@gmail.com,8/23/1924
Science writer,Macdonald and Sons,058-22-4232,"PSC 8699, Box 0413
APO AA 79999",B+,mserrano,Alan Mills,M,"908 Christopher Shoals Apt. 980
Boydstad, AZ 91942",zperez@yahoo.com,10/7/2013
Museum/gallery curator,Chapman-Figueroa,780-90-9440,"7314 Scott Avenue
New Alexandrahaven, MS 86293",O+,adkinssean,James Taylor,M,"38658 Eugene Roads
Port Christopherberg, PA 57566",brownjeffrey@gmail.com,3/12/1989
Applications developer,"Cruz, Joyce and Mendez",534-37-9789,"770 Melissa Unions
Jameshaven, UT 30866",A+,greenrichard,Cheyenne Spears,F,"451 Walter Via
Heatherfurt, NJ 32387",susan77@hotmail.com,1/11/1910
Race relations officer,Scott Group,649-29-3768,"8804 Justin Locks Suite 182
Edwardsborough, OK 35769",O-,uwatson,Kimberly Williams,F,"2846 Karen Crossroad Apt. 867
New Michaelburgh, DE 92021",astewart@gmail.com,1/19/1998
"Engineer, materials",Carpenter-Nguyen,628-34-3067,"7955 Victor Fords
Haynesstad, MO 37152",B+,john90,Dr. Kelly Le PhD,F,"34717 Green Lake
Mauricechester, MI 89575",barbarasantos@hotmail.com,1/23/1930
Higher education careers adviser,Nguyen-Dixon,794-95-7323,"472 Danielle Junction Suite 996
North Fernandobury, MD 86092",O+,garciachristine,Jennifer Hubbard,F,"3347 David Villages Apt. 005
Michellemouth, ND 36206",staylor@hotmail.com,5/27/1930
"Therapist, art","Bryant, Curry and Wiley",446-68-8746,"8317 Diaz Green Apt. 400
West Justin, AL 90648",AB+,oclayton,Christopher Mclaughlin,M,"389 Mitchell Summit Suite 631
East Keith, NH 81468",nnelson@yahoo.com,11/13/1931
IT sales professional,Hernandez PLC,023-24-1676,"703 Edward Park
West Robert, NM 49180",AB-,martinezkayla,Sarah Roth,F,"03718 Thomas Springs Suite 520
West Timothyport, MN 07328",teresayoung@yahoo.com,6/22/1950
"Administrator, local government",Bauer PLC,123-51-3983,"792 Townsend Gateway
South Christopher, MA 82438",AB-,amy73,John Kim,M,"7498 Casey Drives Suite 448
Shawnhaven, VA 24819",harveymichael@hotmail.com,10/22/1938
IT sales professional,"Brown, Coffey and Fuentes",195-68-8152,"456 Rodriguez Pike
North Maryberg, AZ 26987",B-,dianahebert,Mitchell Smith,M,"058 Short Underpass Apt. 948
Lake Chadport, IL 68590",garciajerry@yahoo.com,2/4/1932
"Engineer, automotive","Sandoval, Hudson and Meza",572-96-9145,"957 Andrade Expressway
New Richard, TN 21233",O-,adam33,Joseph Holder,M,"488 Clinton Mount
Ericview, OR 33250",jonathanevans@hotmail.com,9/20/1960
"Teacher, adult education",Navarro Ltd,333-62-2833,"409 Miller Centers
Michaelchester, DE 30217",A+,kathleencastillo,Jonathan Ayala,M,"938 John Grove Suite 591
Lake Robertstad, ID 42540",brittney04@gmail.com,11/26/1953
Warehouse manager,Hanson-Alexander,838-30-3272,"110 Stacy Drive
Alexanderville, NV 62260",B-,qguerrero,Matthew Smith,M,"04636 Rebecca Oval Apt. 238
Castrotown, IA 69892",matthew62@gmail.com,7/3/1953
Management consultant,Garrett-Young,514-36-1016,"84325 Sandoval Corners Suite 893
Allenberg, ME 79847",B+,lonniehobbs,Joseph Ball,M,"6474 Kimberly Coves Apt. 209
Catherinebury, IN 30767",howardhailey@yahoo.com,7/22/1924
Retail buyer,"Harrison, Banks and White",397-63-7764,"06046 Julia Flats
North Gregory, RI 64718",B-,stevenlucas,Edward Ellison,M,"98266 Hayes Fall
Garzaborough, NH 12321",mario21@gmail.com,11/5/1921
"Production assistant, television","Cox, Mills and Cruz",811-66-2620,"25922 Harold Station Apt. 644
Robertsburgh, DC 27089",AB+,mmiller,Mary Chavez,F,"830 Eddie Shoal Suite 020
Markland, CT 55152",evanmitchell@hotmail.com,6/3/2000
"Therapist, nutritional","Cobb, Thompson and Gibson",593-47-0588,"5616 Kelly Dale Apt. 458
Warrenborough, AR 14827",A-,parkerwilliam,Christina Campbell,F,"55699 Marilyn Fields
Marthafort, NJ 05161",timothyburton@hotmail.com,12/1/1951
"Psychologist, counselling",Reilly-Brown,534-39-9257,"803 Marsh Underpass Suite 124
West Tonyaside, GA 75340",B+,gregory50,Trevor Robinson,M,"8078 James Orchard
Kimberlyberg, CT 68153",jamiejohnson@yahoo.com,6/10/2003
"Scientist, research (maths)",Smith Inc,704-77-1427,"84094 Manuel Fields
Joshuamouth, NV 88466",B+,bwilliams,Emily Mcclain,F,"60166 Janet Ramp
Jensenport, ID 93942",beltrankatelyn@yahoo.com,8/1/1983
"Conservator, museum/gallery",Hess Ltd,480-13-7465,"3329 Durham Lock Apt. 557
Johnsonfort, MI 63238",AB+,gilbertcaldwell,Jeffrey Cobb,M,"99758 Lynn Fall Suite 619
Lake Lisafurt, NM 85041",davislisa@hotmail.com,1/22/2009
Academic librarian,Guerrero Group,545-38-6390,"35494 Robbins Key Apt. 909
Abbottport, MN 72444",AB-,elainewells,Jared Graham,M,"6242 Alexander Rue Apt. 276
North Derrick, MT 60273",dhanson@hotmail.com,1/12/1964
Sub,Cruz-Perez,435-78-0122,"846 Johnson Camp
Bushville, NJ 91005",AB+,douglaskelly,John Jackson,M,"7128 Melissa Harbors
Davidview, KS 02362",munozrenee@hotmail.com,11/16/1926
Product manager,Morton-Green,718-31-7945,"1292 Mullins Loop
Youngmouth, SC 22427",AB-,noahthornton,Travis Nielsen,M,"604 Reyes Island
North Samanthastad, NE 80518",matthew41@yahoo.com,5/13/1995
Television/film/video producer,Murray-Leonard,248-94-9646,"258 Emily Village Apt. 061
Lake Seanbury, LA 33517",A+,pauladominguez,Pamela Wong,F,"174 Schwartz Shores Suite 421
Kimberlyfurt, MA 08373",stephanie42@yahoo.com,10/2/1915
Regulatory affairs officer,Bishop and Sons,661-63-1777,"91741 Charles Ports Suite 707
Lake Danielle, TN 51682",AB-,heather15,Tracy Guerrero,F,"320 Anthony Ramp Apt. 761
Victormouth, AZ 44971",morganjennifer@yahoo.com,5/24/1922
"Engineer, mining","Contreras, Ellis and Gregory",896-69-2441,"02707 John Run
North Gerald, ME 13253",B+,rnguyen,Robin Hendrix,F,"3092 Brown Harbor
Port Robert, MN 73037",samuelfrost@gmail.com,6/16/1924
Chiropodist,"Salazar, Strickland and Smith",499-11-0105,"946 Schwartz Ford
Lake Joseph, MT 31860",A+,qtownsend,William Romero,M,"12772 Elizabeth Cape
Lake Michaelborough, KS 44317",vwilliams@gmail.com,6/11/1979
"Editor, commissioning",Floyd Group,528-15-1161,"PSC 7995, Box 6353
APO AE 43247",B-,kathleenrobinson,Samuel Ellis,M,"929 Christopher Walks
Atkinsborough, NJ 61156",alexis63@gmail.com,11/7/1950
Politician's assistant,"Walker, Pennington and Shah",588-01-6845,"Unit 0780 Box 6867
DPO AP 13345",B-,vhodge,Maureen Martin,F,"2625 Padilla Alley Apt. 658
West Ronaldview, RI 71599",kristinmiller@yahoo.com,6/11/2006
Automotive engineer,"Dougherty, Leonard and Barron",114-50-5990,"5281 Devon Isle
New Daniel, WA 99103",B-,keithfrye,Judith Miller,F,"27238 Kelly Springs Apt. 756
Rojastown, ID 08751",wigginsjesse@hotmail.com,1/17/1994
Legal executive,Lane-Rios,806-42-7966,"4924 Kristina Forks Suite 540
West Justin, RI 21576",B+,david06,Charles West DVM,M,"USNS Gould
FPO AA 20955",cordovaamy@hotmail.com,5/25/1951
Hotel manager,Kemp-Montes,773-74-2410,"1702 Kyle Locks Apt. 751
Brianborough, NC 29617",A+,xwood,Heather Hernandez,F,"4781 Jessica Mills Suite 742
Chandlerchester, OR 78873",thomaskevin@hotmail.com,12/16/1951
Brewing technologist,"Avila, Davis and Ortiz",280-54-2866,"26487 Mackenzie Hollow
Troymouth, AK 00821",AB+,michael50,Chad Martin,M,"321 Amy Well
Margaretport, TX 91984",cody95@gmail.com,1/24/1908
"Copywriter, advertising","Campbell, Maxwell and Jenkins",167-14-3570,"89888 Robert Club
Port Davidtown, MI 41339",O-,harrisonrebekah,Amanda Keller,F,"011 Briana Flats Apt. 501
Port Julie, OR 46092",ethan89@gmail.com,1/10/1975
"Teacher, early years/pre",Garcia PLC,782-02-8665,"2801 Samantha Vista
Richardsonshire, NV 88781",AB-,harry71,Stephanie Lang,F,"26691 Calvin Flat
Jamesfurt, IN 56167",tramirez@hotmail.com,2/7/1987
Government social research officer,"Harding, Kelly and Estrada",415-63-8380,"14773 Anthony Street Apt. 170
South Cassandra, FL 40183",A-,cisnerosanthony,Robert Fernandez,M,"7567 Johnson Fall
Nicoleburgh, NE 18128",jennifer71@hotmail.com,3/6/1998
